,id_поста,text_tokens,text_length,preprocessed_comments
0,4949,админ связь слева направо намджуна чонгук чингачгук гойкий митич джина юнга год уверить оспорить факт юмор жизнь идти гораздо приятный простой учёба являться исключение надеяться остаться обиженный юмор весь юмор сегодня выпилить пиво деньга заработать продажа значок поставить точка прекрасный эпоха группа остановиться предложка открыть наш голова ещ генерировать шутка заглядывать рада,52,"[('хороший', 1), ('герой который нужно знать лицо балл ординатура каждый', 8), ('', 0), ('говорить админ пм', 3), ('респект', 1), ('группа', 1), ('', 0), ('й курс написать лс', 4)]"
1,5109,,0,"[('вирусный фильтрат хороший пироген больничный обеспечить', 6)]"
2,5108,,0,[]
3,5106,,0,[]
4,5105,предложка,1,[]
5,5102,,0,"[('кафедра одл оценить', 3)]"
6,5099,,0,"[('вскоре вернуться', 2)]"
7,5098,,0,[]
8,5095,терапевт выписывать льготный лекарство,4,[]
9,5092,предложка министр здравоохранение рф мурашко м поздравлять студент медик дн м российский студенчество,13,"[('почему мурашко похожий злодей диснеевский мультик', 6)]"
10,5091,предложка официальный сайт сзгма,4,[]
11,5086,,0,[]
12,5084,,0,[]
13,5082,,0,"[('лаайк ждать ещ мемас', 4)]"
14,5078,,0,[]
15,5076,препод отмечать пара,3,[]
16,5071,предложка,1,"[('', 0), ('', 0), ('', 0), ('ординатура', 1)]"
17,5068,предложка,1,"[('', 0)]"
18,5063,предложка,1,"[('', 0), ('', 0)]"
19,5058,зачёт уверенный сдать низкий старт собираться уходить препод дополнительный вопрос,10,[]
20,5056,,0,"[('попад прага', 2), ('извинить', 1)]"
21,5049,,0,"[('смеяться сначала подумать реклама', 4), ('', 0), ('', 0)]"
22,5041,предложка,1,"[('', 0)]"
23,5032,предложка мечко сентябрь лекция сто проц дистант декабрь минимум мечко октябрь выходить октябрь лекция очно,15,"[('весь удача ребята', 3), ('', 0), ('однажды эрнест хемингуэй поспорить', 4), ('очко', 1), ('', 0), ('', 0)]"
24,5028,,0,[]
25,5027,предложка актуалочка последний день,4,[]
26,5022,предложка,1,"[('ор', 1), ('', 0)]"
27,5017,,0,"[('успешный паблик чек', 3)]"
28,5008,,0,"[('реально работодатель очень рад отметка', 5), ('пьяный поступать больняк оплачивать', 4)]"
29,5002,предложка жд шь список лечебный факультет,6,"[('сколько объяснять список', 3), ('', 0)]"
30,4994,,0,"[('международный мем', 2), ('', 0), ('знать', 1), ('хаахах', 1), ('хахаххахах', 1)]"
31,4991,предложка,1,"[('расписание', 1)]"
32,4984,предложка,1,[]
33,4970,предложка,1,[]
34,4966,поступить орда,2,[]
35,4947,,0,"[('', 0), ('', 0)]"
36,4932,идти волонтёрский справка год админил подвздошный мемас,7,"[('', 0), ('заслуженно', 1)]"
37,4931,,0,"[('знать поступить орда', 3), ('совет брат', 2), ('писать подслушать вопрос орда', 4)]"
38,4927,,0,"[('', 0), ('', 0), ('', 0)]"
39,4925,,0,"[('цвет счастливый вдвойне', 3)]"
40,4923,,0,"[('подкинуть духота антиген вс понять', 5)]"
41,4921,,0,[]
42,4920,,0,[]
43,4915,предложка,1,"[('факт', 1), ('любой пара кафедра инфекция', 4)]"
44,4913,,0,"[('', 0)]"
45,4912,,0,[]
46,4910,,0,[]
47,4905,,0,"[('откуда', 1), ('пальпация печень курлов получаться', 4)]"
48,4903,,0,"[('брс точка', 2), ('бабушка лариса любимый внучка', 4), ('хлеб батя', 2)]"
49,4901,предложка,1,"[('получать хороший результат', 3)]"
50,4895,должный универ свой кровь,4,"[('долг справка кровь закрыть', 4), ('хороший отраб сдать', 3), ('мёд суровый место студент буквально кровь закрывать долг', 8)]"
51,4894,,0,[]
52,4888,,0,[]
53,4886,,0,[]
54,4884,,0,[]
55,4881,админ обнаружить стол склад значок который прежний раскупить желание писать лс группа весь мир вс ещ штука,17,"[('доставка россия иметься', 3)]"
56,4868,,0,"[('сразу понятно кафедра', 3), ('бахилы', 1), ('админ далбоеб заметно дописать', 4)]"
57,4864,,0,"[('устроиться ковид закрыть', 3)]"
58,4863,предложка,1,[]
59,4859,предложка,1,[]
60,4851,предложка,1,"[('микронаушник экзамен сдавать пират пидорас сей пора видеть блядский фрегат пришвартовать', 11)]"
61,4847,предложка,1,"[('го мансион создать', 3), ('бригада', 1)]"
62,4844,,0,[]
63,4842,,0,[]
64,4841,,0,[]
65,4836,,0,"[('файл смерть', 2), ('нога похолодеть', 2), ('', 0), ('', 0)]"
66,4835,,0,[]
67,4831,,0,"[('скучать очный лекция', 3), ('бег ещ лекция крепко спать лекция', 6), ('время', 1)]"
68,4829,предложка,1,[]
69,4826,,0,"[('источник', 1)]"
70,4817,предложка,1,"[('классика жизнь', 2), ('', 0), ('коротко событие последний день', 4)]"
71,4811,предложка,1,"[('пост проплатить первомедовский', 3), ('', 0)]"
72,4808,предложка,1,"[('мочь хороший отменить', 3), ('', 0)]"
73,4805,предложка,1,"[('наш контора попасть', 3), ('оооо мем подъехать', 3), ('вуз отправлять дистант секунда долгий мухосранский заочный государственный институт пельменный лингвистика студент прикладной специальность', 14)]"
74,4800,предложка,1,[]
75,4798,предложка шок раскрыть личность создатель русский мудло,7,[]
76,4794,предложка,1,"[('', 0), ('шестой лекция появиться отрицательный пространство', 5), ('второй', 1), ('', 0)]"
77,4788,,0,"[('судить цена', 2)]"
78,4784,приходить выборы получать бюллетень,4,"[('ммммм бристольский шкала кал', 4), ('', 0), ('автор пост выехать', 3)]"
79,4781,,0,[]
80,4777,,0,"[('самый главное семья дневник практика', 5)]"
81,4774,,0,"[('', 0), ('мудол большой русский сайт', 4), ('попытка прикрепление трансляция лекция заканчиваться аборт', 6), ('получаться зайти знать проблема', 4)]"
82,4772,,0,[]
83,4769,,0,"[('лайковый написать', 2)]"
84,4767,,0,[]
85,4762,,0,"[('капронка', 1), ('пизда хуйня хлеб', 3), ('гипсик', 1)]"
86,4761,,0,"[('дося справа', 2)]"
87,4760,,0,"[('', 0)]"
88,4759,,0,[]
89,4758,,0,[]
90,4757,выписывать бомж,2,[]
91,4755,предложка текст,2,[]
92,4749,врач назначать морфин седации синхронизация респиратор врач выписка,8,[]
93,4746,предложка,1,"[('', 0)]"
94,4745,,0,[]
95,4744,,0,[]
96,4740,,0,"[('автор мем работать общий реамемации бсг', 6)]"
97,4731,,0,"[('ответка паблик реамемация шутка хирург', 5), ('админ долбоеб', 2)]"
98,4727,,0,"[('прочитать мысль выписка изучить мысль повод спина', 7), ('гб явно гребенщик борис', 4)]"
99,4719,,0,[]
100,4718,,0,[]
101,4714,,0,[]
102,4713,предложка,1,[]
103,4705,предложка,1,"[('произойти', 1), ('экзамен действительно пахнуть жарить особенно левый крыло', 7), ('недавно пахнуть баня заш л', 5), ('октябрь пахнуть сей пора', 4)]"
104,4698,предложка,1,"[('', 0)]"
105,4694,предложка,1,"[('создатель пол поток отраб опех принимать', 6)]"
106,4690,абсолютно бомж делирия час ночь,5,[]
107,4686,,0,"[('монитор очень написать пациент', 4)]"
108,4684,предложка,1,[]
109,4683,предложка,1,[]
110,4682,предложка,1,[]
111,4676,предложка,1,[]
112,4672,,0,[]
113,4663,сутки удаться найти время поспать кровать сестринский занятый,8,[]
114,4659,,0,"[('мем который ранний видеть', 4), ('перелом нужно вправить', 3)]"
115,4657,,0,[]
116,4648,предложка,1,"[('информатика', 1)]"
117,4643,,0,"[('мемас выходить интернет становиться кринжов казаться смешной остроумный мемас', 9)]"
118,4638,предложка,1,[]
119,4629,препод лекция человек,3,"[('склонный доверять студент', 3)]"
120,4626,предложка,1,"[('бывать', 1)]"
121,4623,,0,[]
122,4621,,0,[]
123,4618,,0,"[('', 0)]"
124,4617,предложка,1,[]
125,4616,,0,[]
126,4613,предложка,1,[]
127,4612,лекция сидеть халат белый кофта,5,[]
128,4607,,0,"[('', 0), ('врач проводить', 2)]"
129,4598,представитель компания орифлейм,3,[]
130,4595,,0,"[('', 0)]"
131,4593,,0,[]
132,4589,,0,"[('охота хороший', 2), ('ещ добавить час', 3), ('', 0)]"
133,4585,мудло профилактический работа,3,"[('прекрасный мудло будущее', 3), ('', 0)]"
134,4583,,0,[]
135,4582,,0,"[('неплохой таблетос расслаблять', 3)]"
136,4580,,0,"[('', 0)]"
137,4579,,0,[]
138,4576,,0,[]
139,4574,,0,[]
140,4572,предложка,1,"[('оговорочка фрейд', 2)]"
141,4571,абсолютно санитар идти перестилать лежачий полумёртвый бабка,7,[]
142,4568,предложка,1,"[('жиза', 1)]"
143,4565,мем навальный сор адмем работать,5,"[('смертельно', 1)]"
144,4563,,0,"[('', 0)]"
145,4561,,0,[]
146,4559,коротко попытка писать печатный буква экзамен озиза предложка,8,[]
147,4556,,0,[]
148,4553,,0,[]
149,4552,новый год весь любим админ похмелие весь любим,8,[]
150,4550,,0,"[('препод сказать лекция зач л', 5)]"
151,4549,нос новый год наш дорогой подписчек подарочек мудло реанимация нужный ивл связь предлагать заценить трек уверенный аппарат мудоля ожить экзамен пройти весь любим текст коммент реамемация голос сведение обложка подвздошный мемас идея битый блядский писк ро,36,[]
152,4546,предложка,1,[]
153,4544,сидеть дистанционка й месяц подряд предложка,6,"[('здание целое', 2)]"
154,4542,,0,"[('', 0)]"
155,4536,предложка мемуары,2,"[('содержательный история', 2), ('вставание встать', 2), ('стас барецкий написать мемуары', 4)]"
156,4531,предложка,1,"[('ерунда хоронить ещ памятник канава сбросить', 6), ('ставить памятник каждый умирание мудло выйти', 6), ('смешно грустно', 2)]"
157,4529,,0,[]
158,4523,предложка,1,"[('чисто картоха испортиться простой', 4), ('помочь', 1)]"
159,4519,админский боль пост,3,[]
160,4518,предложка,1,[]
161,4517,,0,[]
162,4510,новогодний атмосфера предложка,3,"[('преподаватель', 1)]"
163,4509,предложка,1,"[('день настать', 2), ('', 0)]"
164,4506,админ переставать делать мем предложка,5,[]
165,4502,,0,[]
166,4497,привет мудольный,2,"[('ахахи шедевр одмэн закончить просмотр расследование навальный гениально', 8)]"
167,4495,место отраб доставаться,3,"[('медицинский мем бесприданница прелестно', 4)]"
168,4487,пора делать конкурс хороший молитва воскрешение мудло предложка,8,"[('молитва пуля серебряный нужный вставать', 5), ('мудло наш иже еси небесех пад имя твой лагаета электронный обеспечение твой воля мудловский мечко земля оценочка наш насущный даждь днесь остави долг наш якожа остаться должник кафедральный ввести искушение избавить падение твой твой царство мечко мудло веко имя декан святой ректор данный комментарий нести цель оскорбить чувство верующий', 49), ('вс давно придумать', 3)]"
169,4480,предложка,1,"[('баян классика', 2), ('', 0), ('закончиться вс', 2)]"
170,4478,предложка,1,"[('выкупить прикол', 2), ('брат лекция проверка', 3), ('км ч брат гнать дежурство братан дежурить црб', 8)]"
171,4474,туз место,2,[]
172,4468,,0,"[('вмёд связь', 2)]"
173,4464,приша л подписать заявление отработка замдекан кафедра предложка,8,"[('лезть трус иначе никак', 4)]"
174,4460,вкидываться,1,"[('универ лекарство', 2), ('', 0), ('', 0), ('жиза', 1)]"
175,4456,предложка,1,"[('плач создавать сообщество который плач', 5)]"
176,4454,староста каждый цикл,3,[]
177,4451,предложка,1,"[('фильм', 1)]"
178,4447,предложка,1,"[('', 0)]"
179,4445,предложка,1,"[('пояснительный бригада', 2)]"
180,4442,поставить очный пара семестр,4,"[('вгма', 1)]"
181,4435,предложка,1,"[('оригинал дели', 2), ('', 0), ('знать', 1)]"
182,4429,предложка добрый день подсказать выложить отработка практический занятие кафедра психитрий увидеться,11,"[('', 0)]"
183,4425,,0,[]
184,4423,предложка,1,"[('', 0)]"
185,4416,предложка пь,2,"[('пить', 1), ('большой пить', 2), ('пь текила назогастральный зонд ошибка установленный трахея', 7), ('пь текила цистостома', 3), ('', 0), ('сахар', 1)]"
186,4412,предложка,1,"[('нужно настраивать хуёво камера стиль фотка вебок', 7)]"
187,4410,,0,[]
188,4405,предложка,1,[]
189,4401,предложка,1,[]
190,4400,предложка кошечка говорить собачка говорить гав система говорить,8,[]
191,4395,предложка дружок лекция,3,"[('ор', 1)]"
192,4392,,0,"[('обычно трансляция иначе представляться', 4), ('суббота', 1)]"
193,4386,предложка препод плохо чувствовать хороший уходить нб поставить весь группа,10,[]
194,4384,,0,[]
195,4382,,0,[]
196,4378,,0,"[('хороший', 1)]"
197,4372,админ ор голос музыка добавить оригинал сор ес че,9,"[('моща', 1), ('шедевр', 1), ('', 0), ('жизненно плакать захотеться', 3), ('хахахахи', 1), ('шедевр', 1)]"
198,4367,предложка,1,"[('покупать правильный дух', 3)]"
199,4363,,0,"[('', 0)]"
200,4358,открыть новый магазин продажа микронаушник,5,"[('должный шутка стоматология', 3)]"
201,4357,классификация геморрой геморрой степень геморрой степень геморрой степень,8,"[('', 0)]"
202,4348,предложка,1,"[('аахахахахахааххвх', 1), ('лекция мечко коротко час прямой эфир зритель включить демонстрация экран лектор презентация овердоховать текст пикча далее препод зачитывать данный писанина который далеко являться уникальный информация сплошной копипаста методичка учебник инф рандомный сайт нудный голос слово слово дешёвый фонить щель микрофон абсолютно выражение интонация материал ещ проходимый практический занятие', 48), ('звучать очень актуально мир давный давно обучать ролик иметь хронометраж минута иметь муза сопровождение интерактив сказать ролик минута нужно поработать минимум час простой хуйнуть старый год год читаемый презентация час читать прямой эфир затратить час прочтение лекция весь арифметика платить наш главный аргумент сделать крутой лекция крутой видос смотреть миллион студент медик весь мир каждый год год год получать просмотр ловить лукас получить ещ профит мочь позволить гейроппа пиндостан зажраться профессор зел ных месяц рубить', 75), ('ещё заставлять решать бесполезный лекционный тест событие некоторый особо альтернативный одарённый кафедра случай параша тест ещё заставлять отрабатывать реферат дурка докатиться параша лекция додуматься отслеживать переход ссылка обычно организация процесс уровень колхоз червоня дышло полтавщина абсолютный некомпетентность должностной лицо учебный управление администрация', 42)]"
203,4335,предложка зач анат,3,"[('помочь', 1), ('далёкий бог', 2)]"
204,4327,,0,[]
205,4323,аудитория изучить больший количество материал автобус выйти чат,8,"[('', 0), ('трамвай', 1), ('марик', 1), ('автобус', 1)]"
206,4317,,0,[]
207,4309,,0,[]
208,4307,,0,"[('пока покататься', 2), ('фото жак фреско владимир абдулаевич дадаля', 6)]"
209,4306,,0,[]
210,4303,,0,[]
211,4297,,0,[]
212,4295,,0,[]
213,4292,предложка,1,[]
214,4290,,0,"[('секрет хороший учить анатомия', 4)]"
215,4275,предложка,1,"[('', 0), ('цнс', 1), ('ривать путаться', 2), ('атака', 1)]"
216,4272,предложка ион натрий чувак клетка местный анестетик,7,"[('глицин хотеть проникнуть цнс гэб', 5), ('', 0)]"
217,4263,предложка,1,"[('клин пат анатомия', 3)]"
218,4261,,0,"[('фулла гражданин админ', 3)]"
219,4255,,0,"[('пояснительный бригада происходить', 3)]"
220,4250,,0,"[('математик', 1)]"
221,4244,,0,"[('каловый перитонит собственнааааа', 3)]"
222,4239,предложка,1,"[('жизна', 1)]"
223,4234,,0,[]
224,4232,,0,"[('пара день допёс замдек', 4)]"
225,4227,предложка,1,"[('слабо написать онлайн', 3), ('некоторый приходить оповещение почта видеть написать удаление аккуратный', 8)]"
226,4221,пенсионный фонд считать стипух предложка,5,"[('', 0), ('', 0), ('', 0), ('', 0)]"
227,4215,,0,"[('пон', 1)]"
228,4213,предложка волна коронавайрус наступать мудло,5,[]
229,4211,предложка,1,"[('ошибка', 1), ('сера жа дело шляпа', 4)]"
230,4204,ребус анатом,2,"[('', 0), ('запястье', 1)]"
231,4203,,0,"[('студент мёд', 2)]"
232,4200,предложка,1,"[('', 0)]"
233,4198,,0,[]
234,4192,,0,"[('объяснить', 1)]"
235,4191,предложка,1,[]
236,4186,предложка,1,[]
237,4182,предложка курс посвящаться,3,"[('', 0), ('больно', 1), ('курс вош л чят', 4), ('', 0)]"
238,4176,предложка прийти каникулы отработка,4,"[('табличка должный висеть дверь деканат неправдивый', 6)]"
239,4172,,0,[]
240,4169,,0,"[('бристольский шкала', 2)]"
241,4167,,0,[]
242,4164,предложка луч учить,3,[]
243,4163,предложка,1,"[('', 0), ('', 0)]"
244,4161,предложка,1,"[('ахи', 1)]"
245,4157,,0,[]
246,4156,,0,[]
247,4155,,0,[]
248,4153,,0,[]
249,4150,,0,"[('факеры боооий', 2)]"
250,4147,анон,1,[]
251,4142,пообещать накинуть балл орда,4,"[('чел снизу аня шейко инф сотка', 6), ('нужный балл', 2)]"
252,4133,,0,"[('', 0), ('', 0), ('', 0), ('алмазов влетать подборка', 3), ('столько жизненно плакать хотеться', 4), ('', 0), ('мечников фото четыр х сильно', 5)]"
253,4132,предложка,1,[]
254,4128,,0,"[('узнать работать ковидарие', 3)]"
255,4126,,0,"[('сдавать прид тся', 3)]"
256,4121,,0,"[('родиться м ртвый умереть мочь', 5), ('жыв мудло', 2)]"
257,4120,,0,[]
258,4115,,0,"[('', 0), ('прослезиться', 1)]"
259,4111,,0,"[('лететь щука съесть ацетат сколько цитрат выйти ацетат', 8)]"
260,4107,препод выделить специальный день должник передавать список указать свой задолжность сколько хвост,12,"[('препод отработка', 2), ('простить лига долг', 3), ('великолепно', 1), ('ноль целковый полушка четвертушка осьмушка пудовичок медячок серебрячок золотничок девятичок десятичок', 11)]"
261,4106,,0,[]
262,4104,,0,[]
263,4101,,0,[]
264,4098,предложка препод прийти назначить день отработка,6,[]
265,4093,прийти земфира повторный приём проктолог помнить твой трещинка,8,[]
266,4092,,0,"[('видеть итоговый трояк экзамен', 4)]"
267,4090,,0,[]
268,4087,,0,"[('пиво занятый', 2)]"
269,4085,,0,"[('давать возможность ординатура поступить эксперт вопрос целевика', 7)]"
270,4081,,0,"[('черноватый', 1), ('ваш мем белые ночь кончиться', 5)]"
271,4080,предложка,1,[]
272,4078,,0,[]
273,4064,,0,"[('студент получить ковидный явно наш страна', 6)]"
274,4060,,0,"[('уйти домой', 2)]"
275,4058,,0,[]
276,4050,,0,"[('опыт главный образ отсутствие инициатива студент', 6), ('перекур час', 2)]"
277,4046,,0,"[('лето', 1)]"
278,4045,,0,[]
279,4044,,0,[]
280,4043,,0,[]
281,4039,,0,[]
282,4037,,0,"[('интернет плакать заходить', 3)]"
283,4032,,0,"[('годный мем', 2), ('хороший мем ставить класс', 4)]"
284,4027,предложка,1,[]
285,4022,предложка,1,[]
286,4021,,0,[]
287,4017,мем,1,"[('мем жизнь', 2), ('норадреналин', 1)]"
288,4013,предложка,1,[]
289,4002,природа настолько очиститься время пандемия дикий автомат вернуться мечко предложка,10,"[('', 0), ('ооо дааа', 2), ('автомат вернуться студент', 3), ('пасть', 1), ('мечко', 1), ('природа настолько очиститься время пандемия хороший мем вернуться группа', 9), ('господь ещ сендвич снова появиться', 5)]"
290,3995,предложка студент мечко время экзамен,5,[]
291,3989,предложка,1,[]
292,3984,предложка,1,"[('', 0), ('господь закончить год назад мечко прикол актуальный', 7)]"
293,3981,предложка,1,[]
294,3978,владимир владимирович тест мудло предложка,5,[]
295,3975,называться область наука изучать альтернативный путь активация комплемент пропердевтика,9,"[('', 0), ('пропердин', 1)]"
296,3970,предложка,1,"[('паблик физика ебан ч', 4)]"
297,3966,предложка,1,[]
298,3962,,0,"[('ребёнок вырасти составить тест', 4)]"
299,3956,мудло проверить свой удача предложка,5,"[('ууууууууа жижа', 2), ('классика', 1), ('правильный', 1), ('м мечко', 2)]"
300,3943,однажды эрнест хемингуэй поспорить смочь написать самый короткий рассказ способный растрогать любой предложка,13,"[('получить золотой письмо вилли вонок день', 6), ('', 0)]"
301,3942,предложка,1,[]
302,3937,,0,[]
303,3931,,0,[]
304,3928,предложка пример успешный ребрендинг,4,[]
305,3926,,0,"[('нужный помощь пояснительный бригада', 4)]"
306,3922,,0,"[('загореть вес лые ипо пойти х', 6)]"
307,3921,,0,[]
308,3919,,0,"[('', 0)]"
309,3918,привет ребята медача связь очень нужный ваш помощь сложиться информационный вакуум практический подготовка студент время пандемия чрезвычайно важно обладать достоверный сведение создать анонимный форма помощь который мочь отправить информация ваш университет проходить практический подготовка приложить копия приказ рассказать давление сторона вуз угроза появление задолженность форма абсолютно анонимный любой контакт дальнейший связь оставлять собственный желание собер м достаточно данные выпустить большой разбор который число позволить ответить вопрос почему студент стать бунтовать ссылка,71,[]
310,3916,,0,[]
311,3913,,0,[]
312,3907,препод карантин хороший время самообучение весь ночь смотреть распаковка квадракоптер,10,"[('жиза', 1), ('индус строить дом бассейн час', 5)]"
313,3905,предложка,1,"[('ясно автор год', 3), ('ведро вода л', 3), ('вообще аква пурификат', 3)]"
314,3900,предложка,1,"[('', 0)]"
315,3893,,0,[]
316,3892,предложка,1,"[('хороший автор молодец', 3), ('хороший', 1)]"
317,3890,весь праздник ребята предложка,4,[]
318,3889,жиза мник,2,[]
319,3886,каждый экзамен маленький определение линия розть нелатон предложка,8,[]
320,3883,предложка,1,[]
321,3877,,0,[]
322,3875,пробовать учиться дистанционка предложка,4,"[('', 0)]"
323,3864,предложка,1,[]
324,3858,предложка,1,[]
325,3857,предложка,1,[]
326,3849,предложка,1,[]
327,3848,предложка,1,[]
328,3843,предложка,1,"[('смеяться', 1)]"
329,3837,хватить зач мудловский тест предложка,5,[]
330,3833,предложка,1,[]
331,3830,,0,[]
332,3827,дама господин рада объявить завершение наш конкурс представить наш неподражаемый победитель место блистательный невероятный умопомрачительный хороший весь отношение св мудло автор место великолепный выдающийся свой оригинальность красота исполнение дотягивать абсолютный первенство мем пара скуйп автор ден курашвили место хороший качественный весь критерий явно недооцена нный одмена голосовать автор аксель ляминообразный близкий время администрация связаться каждый тройка лидер традиция ждать отч приз результат опрос представить,64,"[('', 0)]"
333,3822,птичка нашептать кой участник конкурс использовать подкруточка голос яй яй связь решить уточнить условие конкурс учитываться голос подписчик опрос завершиться завтра,21,[]
334,3813,,0,[]
335,3797,,0,"[('билет сразу говорить лось уменьшение шанс параша', 7)]"
336,3794,предложка,1,"[('мудло видимо стим укусить', 4)]"
337,3783,,0,[]
338,3766,,0,"[('шутка религия', 2), ('борщит', 1), ('нарываться второй', 2), ('админ контролировать выкладывать', 3), ('админ камера извиняться', 3), ('простить помереть хд', 3), ('админ отбить', 2), ('смысл писать комментарий', 3), ('извиняться', 1), ('заш л комент', 3), ('смешно убрать', 2), ('религия абсолютный игнора ислам сразу набежать показатель', 7), ('учить пох', 2), ('взрывной мем', 2), ('дорога админ сказать хотеть добиться выложить подобный хотеть сказать курс данный сообщество подписать христианин мусульманин хотеть сказать смешно случай прочесть комментарий заметить представитель дать религия показаться забавный осмелиться сказать подобный поведение попытка высмеять чей вера красить показывать ваш невежественность некультурность искренний жаль хороший мнение сообщество', 45), ('человек любить поджигать пердаки ерунда', 5)]"
339,3763,друг наступить долгожданный момент мёмный карантин подош л конец сегодня начинать санитарный мемологический экспертиза результат который определиться хороший хороший мем вселенная ровно час узнать стать счастливый обладатель наш нереально крутой мерч напоминать приз получить хороший работа первый место великолепный чехол телефон принтом дизайн значок выбор значок наш уникальный дизайн второе место неподражаемый значок третий место любой умопомрачительный значок выбор сегодня вс голосовать ставить лайк подписываться рассказывать друг родственник сосед кошка далее администрация подвздошный мемас расчитывать ваш сознательность столь трудный время мемологический поддержка необходимый,83,"[('гораздо орный', 2), ('дистанционный фескультура', 2), ('пара скайп примитивно смешнявый', 4), ('', 0), ('семёрка', 1), ('', 0), ('', 0), ('', 0), ('', 0)]"
340,3757,предложка,1,"[('жига', 1), ('', 0)]"
341,3756,предложка открыть мудло время дистанционный обучение,6,[]
342,3753,предложка,1,[]
343,3748,,0,[]
344,3738,предложка,1,"[('жиза', 1), ('дистанционный физр', 2), ('', 0)]"
345,3737,предложка,1,[]
346,3735,,0,[]
347,3730,,0,"[('', 0), ('неверно мудло', 2)]"
348,3727,предложка,1,[]
349,3715,предложка,1,"[('биржа труд девочка завтра славянский внешность', 6), ('', 0)]"
350,3713,предложка,1,"[('', 0)]"
351,3712,предложка,1,"[('', 0), ('мудло нажимать аз', 3)]"
352,3709,предложка,1,[]
353,3703,предложка,1,"[('гора ида узбечка узбечка приходить гора макароны итальянск', 8)]"
354,3697,предложка,1,"[('блог свой', 2)]"
355,3693,предложка,1,"[('', 0)]"
356,3690,предложка,1,"[('оригинал', 1)]"
357,3689,предложка,1,"[('', 0)]"
358,3683,предложка выбрать группа пойда опх,5,[]
359,3681,предложка,1,"[('', 0)]"
360,3680,предложка,1,"[('виртуальный нб виртуально отрабатываться', 4)]"
361,3676,предложка,1,"[('мем понять заранее оскорбиться', 4)]"
362,3669,предложка,1,"[('сегодня поток нб получить', 4)]"
363,3668,предложка,1,"[('', 0)]"
364,3662,предложка,1,[]
365,3661,предложка,1,[]
366,3653,предложка,1,"[('лола', 1), ('мечко закрываться', 2)]"
367,3648,предложка прийти пара близкий месяц,5,[]
368,3644,переслать дистанционный обучение,3,"[('', 0)]"
369,3643,,0,"[('номер заём лёгкий позвонить занимать', 5), ('занять пара лист отработка', 4)]"
370,3638,предложка,1,"[('спиздить казанский мёд вуз', 4), ('мордовский дистанционный', 2), ('', 0)]"
371,3631,предложка,1,[]
372,3628,предложка студент просвет карантин,4,"[('', 0)]"
373,3625,предложка,1,[]
374,3619,,0,"[('пара сезон джоджо', 3)]"
375,3614,предложка,1,"[('режим онлайн', 2)]"
376,3611,предложка,1,[]
377,3608,предложка,1,[]
378,3605,предложка,1,[]
379,3600,предложка,1,"[('просить ребята улица закинуть балкон', 5)]"
380,3597,предложка,1,[]
381,3596,предложка,1,"[('прикол опх', 2), ('лайк лайк ребята прикол', 4)]"
382,3594,предложка,1,[]
383,3593,предложка,1,[]
384,3589,предложка,1,"[('отрабатывать', 1)]"
385,3587,предложка,1,[]
386,3584,,0,[]
387,3582,,0,[]
388,3579,,0,"[('больно', 1), ('лечиться', 1)]"
389,3578,,0,[]
390,3577,,0,[]
391,3576,уважаемый подписчик некоторый знать некоторый инстаграм банальный повторение лента паблик ожидать двойной порция оригинальный мемас быстрый подписываться,17,[]
392,3572,,0,"[('пост диабетик писать', 3)]"
393,3567,предложка,1,"[('отраб бжд', 2), ('парень розовый волос зож', 4), ('тгсэн менеджмент научный метод экономика курс бла бла бла', 9)]"
394,3565,предложка,1,[]
395,3561,предложка одмена жиза жопа гореть,5,"[('ещ бесить трамвай приезжать конечный полчаса останавливаться ещ большой бесить подъезжать водитель выходить ручей поменять направление рельс прямо картинка сверху', 20)]"
396,3558,,0,[]
397,3555,предложка,1,[]
398,3552,случай экз бх,3,[]
399,3551,,0,"[('рейтинг плохой поэтому продолжение п просить прощение зря быкануть вс тройка хватить балл увидеться пересдача', 15)]"
400,3547,,0,[]
401,3543,топ вещь который невозможно открыть,5,"[('бальзам звёздочка жыз', 3)]"
402,3542,предложка,1,[]
403,3529,предложка,1,[]
404,3520,дама господин последний время перест радовать свой великолепный работа связь очень добрый очень трезвый админ объявлять начало конкурс сегодняшний день новый конкурс хороший предложка объявляться открытый участие нужно закинуть свой мем предложить новость приниматься работа медицинский студенческий тематика связь неблагоприятный эпидемиологический обстановка мем участник поместить карантин смотреть вкладка фото пройти рофляный экспертиза выложить лента самый фановый безопасный советовать избегать лишний контакт тщательно мыть рука создание свой шедевр обойда тся приз одменовый первый место чехол телефон принтом любой дизайн значок значок продажа второе значок третий место любой значок выбор победитель приз ров определять опрос истечение день момент публикация данный пост нюанс ваш мем одобрить росмемнадзор пройда лента победа необходимо репостнуть свой страница,111,[]
405,3515,,0,[]
406,3511,предложка однажды эрнест хемингуэй поспорить смочь написать самый короткий рассказ способный растрогать любой написать карантин отрабатываться,16,"[('', 0), ('плакать весь маршрутка', 3), ('сердце защемить стоить представить', 4)]"
407,3501,,0,"[('всмысл заставить', 2), ('лайк борис бабкин', 3)]"
408,3499,студент докуривать последний сиг северный идти шестой день карантин,9,[]
409,3498,предложка,1,"[('', 0)]"
410,3494,предложка,1,"[('реальный мальчик', 2)]"
411,3491,,0,[]
412,3490,предложка март,2,[]
413,3486,,0,[]
414,3484,каждый праздник каникулы,3,[]
415,3482,,0,"[('просидеть карантин неделя общага', 4)]"
416,3473,,0,"[('поход общага студент мем делать', 5), ('шедевральный', 1), ('', 0)]"
417,3471,предложка,1,[]
418,3468,предложка,1,"[('переехать общага', 2)]"
419,3464,предложка сми снимать сюжет бедный студент запереть день просвять лб светлана,11,[]
420,3462,предложка,1,"[('рикардо идти', 2)]"
421,3460,,0,[]
422,3452,заходить коммент пост спамить накормиподвздошный дать умереть голод будущий медицина,10,[]
423,3449,простить,1,"[('вовремя снести', 2)]"
424,3441,,0,"[('', 0), ('староста спросить карантин', 3), ('васкать обещать отработка', 3), ('поставить журнал тип карантин затем отработка', 6)]"
425,3430,предложка,1,"[('эт че нурлан сабуровый', 4), ('', 0), ('недовольный заключ нный', 3)]"
426,3426,подвздошныеновость седьмой официально подтвердить случай коронавирус похоже стать первый петербург стать известно речь идти попасть боткин март студент сзгма мечников италия рикардо,22,[]
427,3425,предложка,1,"[('', 0), ('светлана', 1), ('александр узнать', 2)]"
428,3422,котёнок админ светлана шутка карантин раздавать заказ хотеть заказать иметь возможность забрать указанный время указанный место торопиться написать,18,[]
429,3418,студент общага смочь спокойно обкашлять вопрос коронавирус предложка,8,[]
430,3416,предложка,1,"[('неделя', 1)]"
431,3401,инф знающий человек общага скоро ожидаться реальный изменение стабилизировать ситуация таракан загнать м ртвыя душа карантин запретить территория общежитие организация везде организовать питание нб отработка эпиднадзор поднять держать коронавирус смочь сделать главное бухтеть требоваться сидеть тихо сделать весь устроить довольствие светлановский студент каждый кататься таракан масло главное сидеть тихо суетиться никакой вход никакой выход переждать вс схватить,57,"[('общага', 1), ('понимать следующий день пройти супер класс', 6)]"
432,3398,предложка,1,[]
433,3393,,0,"[('сдавать свой значок', 3)]"
434,3389,,0,[]
435,3388,глубокоуважаемый подписчик рада сообщить наш значок вновь поступить продажа полюбиться дизайн допёс отработка разработать дизайн нб кровь второй пара стоимость значок составлять рубль сделать заказ любой представить вариант мочь раздел товар сообщение сообщество каждый удача терять время заказывать,38,"[('выпустить новый коллекция ям карантин', 5)]"
436,3385,,0,[]
437,3383,,0,"[('херня', 1), ('родитель любить', 2)]"
438,3381,,0,"[('перевестись курс неделя смотреть онлайн регистрация', 6)]"
439,3377,,0,"[('', 0)]"
440,3376,наследственность отяготить гемофилия,3,[]
441,3373,,0,[]
442,3372,,0,"[('провер очко', 2)]"
443,3369,,0,[]
444,3366,,0,[]
445,3365,,0,[]
446,3359,,0,[]
447,3358,,0,[]
448,3357,,0,[]
449,3345,,0,"[('вздыхать платно медпрофовск', 3), ('понять', 1), ('берег попутать', 2), ('дизлайк ставить', 2), ('', 0), ('ахахахах', 1)]"
450,3344,,0,[]
451,3336,,0,[]
452,3332,предложка,1,[]
453,3331,,0,"[('бюджетник лечфакер уууа платник отчисляться первый полугодие долг неоргана поступать заново платок', 12)]"
454,3326,предложка,1,[]
455,3319,,0,[]
456,3316,,0,[]
457,3309,пмобразовательный предложка,2,"[('второй курс вош л чат', 5)]"
458,3307,люш,1,[]
459,3302,,0,[]
460,3299,,0,"[('действительно очень объяснять', 3), ('парень который думать рикардо стать необычный', 6), ('объяснить плиз', 2), ('израновый хватать', 2)]"
461,3297,экстренно пров л коронарография пациент окс такоцубый,7,[]
462,3295,,0,"[('дороговатый покушать выходить', 3)]"
463,3294,,0,[]
464,3293,предложка,1,[]
465,3291,,0,[]
466,3289,,0,"[('гришин говорить свидание', 3)]"
467,3285,,0,"[('аускультация слышать ясный лёгочный звук', 5)]"
468,3283,,0,[]
469,3281,,0,[]
470,3276,,0,[]
471,3269,,0,[]
472,3268,,0,[]
473,3264,,0,"[('правило', 1)]"
474,3261,,0,"[('', 0)]"
475,3259,предложка опх смирнов,3,"[('слишком жизненно', 2), ('смирнов добрый чуносов ангел кафедра анатомия', 6), ('кощей антон викторович кафедра опх любовь', 6), ('татаркина задний план', 3)]"
476,3256,,0,[]
477,3252,,0,[]
478,3250,автор песня группа подвздошный мемас кой случай пропагандировать коррупция песня стёб любой совпадение реальный событие случайный,16,"[('идеально', 1), ('шедевр', 1), ('мечко универ который спокойно проучиться взятка вундеркинд попасть отработка', 9)]"
479,3249,,0,"[('минимум', 1)]"
480,3241,,0,"[('кекс', 1)]"
481,3238,предложка,1,[]
482,3236,,0,"[('ещё должный рубль отделять методичка', 5)]"
483,3233,,0,[]
484,3229,,0,[]
485,3228,,0,[]
486,3227,,0,[]
487,3226,,0,"[('педиатрия лучанинов', 2)]"
488,3224,,0,[]
489,3220,предложка,1,"[('просвещаться весь платник', 3)]"
490,3218,предложка,1,[]
491,3217,,0,[]
492,3209,,0,[]
493,3204,,0,"[('ляпараскоп идея говорить правильный близкий оригинал', 6), ('акуш р', 2), ('йон ны', 2), ('лчь лчный', 2), ('алкоголь', 1), ('микроскоп', 1)]"
494,3202,,0,[]
495,3200,,0,"[('хотеть', 1)]"
496,3194,,0,[]
497,3193,,0,[]
498,3192,,0,[]
499,3190,,0,"[('спросить тест мудло ответить', 4)]"
500,3186,,0,[]
501,3184,,0,"[('ваш мгу', 2)]"
502,3183,,0,[]
503,3180,предложка санкт петербургский медицинский академия потерять методичка кафедра делать питательный среда посев делать сила гравитация слабый процент студент лекция запрыгивать разбег студент учиться среднее год болезнь существовать шишка ручка кампус споткнуться упасть человек подбегать конспект карман засовывать бахилы отдавать предлагать лаба сделать студенческий научный общество зайти бацилла кокк сразу микробиологический петля залетать методичка покупать ещё доплачивать деканат страшно подойти стипендия закидывать дед рассказывать студент ночью общежитие просыпаться счастливый добрый смех утром обливаться физраствор шприц срок сессия составлять месяц студент сдавать предмет приходить белокурый волос ясный голубой глаз волевой умный лицо пересдача проситься вода автомат сладкий патока нева состоять тёмный пиво аудитория экзамен румяный ходить учебник давать этюд оптимизм размер этюд оптимизм статуя мечников статуя мечников электронный микроскоп электронный микроскоп лаборатория лаборатория студент исследование проводить методика макклинтка ген транспозировать реакция,129,"[('заплакать', 1)]"
504,3179,,0,[]
505,3171,,0,[]
506,3169,,0,"[('постмодернизм', 1), ('беларус з навошт хлопец трэб обзываться', 6)]"
507,3166,,0,[]
508,3165,,0,[]
509,3162,,0,[]
510,3154,предложка,1,"[('лайк смена', 2)]"
511,3151,,0,[]
512,3150,,0,[]
513,3147,,0,[]
514,3141,предложка,1,"[('лезть дебил сожрать', 3), ('игра устраивать шедевр', 3), ('', 0), ('приезд извинить', 2), ('жиз', 1)]"
515,3138,,0,[]
516,3137,,0,[]
517,3136,,0,[]
518,3135,,0,[]
519,3130,первый день новый расписание предложка,5,"[('пфф писать пара пробовать', 4)]"
520,3127,,0,[]
521,3119,поставить день неделя пара,4,"[('', 0), ('', 0), ('суббота физр пара несколько', 4), ('ситуация мерзкий картинка', 3), ('нормальный ра пи ание', 4), ('лекция подряд пара очень приятно', 5)]"
522,3113,,0,"[('оскорбление чувство верующий', 3), ('шедевр', 1), ('приходить отраб профильный предмет получать нб физр биться', 8)]"
523,3108,,0,"[('хахахах', 1)]"
524,3105,,0,[]
525,3104,,0,"[('анальный зонд', 2)]"
526,3094,,0,"[('интересно дожить', 2), ('времечко опасный кругом всякий каронавирус шастать', 6)]"
527,3093,,0,[]
528,3086,жить маленький паровозик который смочь однажды глубина кафедра опх ехать вражеский тыл чих чих чих чих чих чих чих чих тюууа тюууа паровозик дать приказ доставить студент курс сессия говорить враг кругом тьма тьмущий думать остановить паровозик который смочь черта ехать ехать чих чих чих чих чих чих чих чих тюууа тюууа враг залезть кабина выдавить глаз машинист поставить параша думать остановить паровозик правильно ехать далёкий чих чих чих чих чих чих чих чих тюууа тюууа вс смирнов заложить мост кило пластида устроить контрольный семестр паровозик переезжать река баам взрыв кругом кровавый месиво отработка поздний вечер дофига двойка кишка разбросать откуда выползать друг буба нога больно подползать говорить пеейн стипендия чувствовать буба глядеть попытка отработка использовать говорить буба выход сессия час смочь рука дойти кабинет смирнов завязать узел крышка отовсюду смирнов татаркина щеголев повыскакивать оружие хирургический пинцет делать прорываться ааааааааааааааааааааааааааааааааааааааааааааааааааааа умереть умереть майор бенсон уинфред пейн живой сдаваться друг предложка,150,"[('больно читать', 2), ('', 0), ('казаться плач', 2), ('буба', 1), ('', 0)]"
529,3083,,0,[]
530,3081,,0,[]
531,3080,,0,[]
532,3053,предложка,1,"[('третьекурсник', 1), ('почувствовать физика', 2)]"
533,3051,парень опех завязать узел джанелидзе углов дефффчонка предложка,8,"[('смирнов', 1)]"
534,3049,,0,"[('смешно друг умереть', 3), ('большой число понравиться', 3)]"
535,3046,предложка,1,[]
536,3045,предложка,1,[]
537,3038,предложка,1,[]
538,3033,,0,"[('папка стипуха', 2)]"
539,3032,,0,"[('психиатрический', 1)]"
540,3028,,0,"[('пош л нахер', 3)]"
541,3024,предложка,1,[]
542,3019,предложка,1,"[('', 0)]"
543,3018,предложка,1,"[('', 0)]"
544,3013,,0,[]
545,3010,экзамен препод предложка,3,"[('продолжение', 1)]"
546,3008,предложка,1,"[('дурка', 1)]"
547,3007,,0,[]
548,3002,одногруппник экзамен спасть неделя знать приготовить шпор полностью готовый время предложка,11,[]
549,2998,идти зачётка сдача экз помнить лаборант припасти последний задание,9,[]
550,2997,,0,"[('самый годный мем который видеть жизнь', 6)]"
551,2992,,0,[]
552,2985,предложка,1,"[('пол неуд', 2), ('', 0)]"
553,2981,закончиться каникулы предложка,3,"[('', 0)]"
554,2980,,0,[]
555,2974,,0,[]
556,2973,выучить здоровье лучкевич номер фз получить тройбас предложка,8,[]
557,2971,предложка,1,[]
558,2968,,0,"[('сххахпхахах', 1)]"
559,2964,общага новый год предложка,4,"[('фотка вверх нога', 3), ('нг', 1)]"
560,2961,,0,[]
561,2954,готовый экз бижид,3,"[('табун', 1), ('неть', 1), ('', 0), ('замай', 1)]"
562,2948,предложка,1,"[('', 0), ('корпус узнать согласный', 3), ('жиза', 1)]"
563,2946,,0,[]
564,2945,,0,[]
565,2941,,0,[]
566,2939,,0,"[('выйти', 1)]"
567,2937,,0,[]
568,2934,,0,"[('', 0), ('', 0)]"
569,2933,предложка,1,[]
570,2931,предложка,1,[]
571,2929,новый год,2,[]
572,2928,предложка,1,"[('', 0)]"
573,2924,,0,[]
574,2921,,0,[]
575,2920,,0,[]
576,2918,ида шь деканат бегунок,4,"[('год дэм', 2)]"
577,2915,сонный одмена сутки раздать сегодня последний значок весь успеть приобрести желать выходить допёс успеть ждать новый идея новый год обещать интересный главное выспаться наступать администрация пм,26,[]
578,2911,,0,[]
579,2910,,0,[]
580,2909,предложка,1,[]
581,2902,,0,[]
582,2901,,0,[]
583,2892,,0,[]
584,2877,держаться пацантра,2,"[('ещ бх', 2), ('отработка', 1), ('каждый год собирать вс больший аудитория', 6), ('женщина магнит', 2), ('ля экзамен проходить', 3), ('время соседний аудитория', 3), ('капец миновать', 2), ('жесть', 1), ('че деканат жаловаться', 3), ('лох пацан', 2), ('помнить препод курс продавать кл', 5), ('ля запилить нибыть пикчить орда сарумана соколов', 7), ('святой женщина год назад отработка учить экзамен', 7), ('дть версия опх', 3), ('помнить экзамен отраб химасу кл', 5), ('пройти потратить больший дичь знать год', 6), ('ладный очень смешно думать круговихин самый больший туса', 8), ('голодный игра', 2), ('соколов самый мерзкий воспоминание', 4)]"
585,2874,прийти пара иностранный девочка актуалочка,5,[]
586,2873,дорогой подписчик часто писать хотеть приобрести значок выходить допёс успеть спешить расстраиваться честь новый год запускать продажа специальный эксклюзивный партия значок выходить допёс который большой обычный заказать значок писать сообщение сообщество стоимость значок рубль количество штука торопиться допёс близко почитать отзыв значок,42,[]
587,2872,предложка,1,"[('жиз', 1)]"
588,2866,,0,[]
589,2864,,0,[]
590,2853,,0,"[('сессия поздний приближаться новый год', 5), ('земля пуховик', 2), ('хирка терап инфекца фтиза акущнить', 5)]"
591,2851,предложка,1,[]
592,2850,,0,[]
593,2845,,0,"[('жиза', 1)]"
594,2843,,0,"[('почему жиза', 2), ('абидно', 1)]"
595,2841,предложка,1,"[('дурка ёбаный', 2)]"
596,2839,,0,"[('', 0)]"
597,2831,,0,"[('студент рязанский мёд оооо охуенный история', 6)]"
598,2826,,0,[]
599,2825,предложка,1,[]
600,2815,,0,"[('даааааа бухать', 2), ('бухать зач бухать зач', 4), ('студент пугач', 2), ('препод очки запотевать', 3)]"
601,2808,,0,"[('продать', 1), ('дозревать', 1), ('подумать мем клуб романтик', 4), ('еееий наш вуз мем', 4)]"
602,2807,,0,[]
603,2803,,0,[]
604,2802,мера появиться студент ме ки предложка,6,[]
605,2795,,0,[]
606,2789,студент сзгма мечников отработка биохимия год предложка,7,"[('бэхо самый уютный отработка', 4), ('опх', 1), ('патан', 1)]"
607,2786,предложка,1,[]
608,2784,,0,[]
609,2775,,0,"[('выясниться жиза нб наш л пост лайк влепить', 8)]"
610,2766,глубокоуважаемый подписчик буквально день весь партия значок распродать очень рада ваш активность сожаление скорый начало сессия мочь точно сказать готовый следующий партия спешить расстраиваться ещ запас некоторый количество значок который готовый поделиться близкий время торопиться остаться немного большой фото отзыв,40,[]
611,2764,,0,"[('ударение слово заплатить ставить', 4), ('прошин покинуть чат', 3), ('гигиена покинуть чат', 3)]"
612,2763,,0,[]
613,2754,,0,[]
614,2745,предложка,1,[]
615,2743,,0,"[('экзамен опх', 2)]"
616,2738,предложка,1,[]
617,2737,,0,[]
618,2736,предложка,1,[]
619,2734,типичный подготовка фарма,3,[]
620,2732,,0,[]
621,2722,,0,"[('мечко', 1), ('дурка ебать', 2), ('сделать высера', 2)]"
622,2715,первый курс родственник попросить посмотреть результат анализ,7,[]
623,2710,,0,"[('ещё хороший доп пара декабрь ставить счёт медосмотр', 8), ('ещ оборот орбита эстетика', 4)]"
624,2707,,0,[]
625,2706,,0,"[('почувствовать онемение рука', 3)]"
626,2704,цистерна аспартат автор,3,[]
627,2699,,0,"[('мочь хороший магнезия', 3), ('капотный очень пробовать каптоприть', 4)]"
628,2696,глубокоуважаемый подписчик рада сообщить запускать свой собственный мерч значок стоимость значок составлять рубль очень скоро цена мочь вырасти поэтому торопиться сделать предзаказ любой представить вариант мочь сообщение сообщество каждый балл экзамен терять время заказывать,34,"[('дать', 1)]"
629,2695,,0,[]
630,2693,узнать кремастерный рефлекс,3,[]
631,2681,,0,"[('тест русский язык', 3)]"
632,2673,новый заведовать предложка,3,"[('актуалочка', 1), ('', 0), ('гнать шея собрать петиция жалоба написать объявить бойкот коллективно забить большой болт ходить пара хватить терпеть тупой выходка вма шник лезть чужой монастырь свой заповедь хватить кафедра опх долой террор', 30)]"
633,2670,предложка,1,[]
634,2667,предложка,1,[]
635,2664,предложка,1,"[('автор мем кодзима', 3)]"
636,2661,понять принять закинуть предложка вчера актуалочка сегодня,7,[]
637,2656,приша л пара час день мечко эвакуировать предложка,8,"[('актуалочка', 1), ('волк слабый лев тигр мечко приходить', 6), ('знать послать группа бухать', 4)]"
638,2654,предложка сигарета предпочитать уролог,4,[]
639,2649,узнать отработать,2,[]
640,2646,,0,[]
641,2641,предложка,1,[]
642,2640,предложка,1,[]
643,2636,бан причина подвальный система обучение студент,6,[]
644,2634,,0,"[('сработать', 1)]"
645,2629,предложка,1,"[('ощущение автор воить', 3), ('грейтбла', 1), ('искать задача вода', 3)]"
646,2623,предложка,1,"[('шутка шутка реально сделать', 4)]"
647,2621,,0,[]
648,2620,,0,[]
649,2618,,0,[]
650,2613,первак тест химия предложка,4,"[('препод соколов', 2), ('дорожка отработочка', 2)]"
651,2608,предложка,1,[]
652,2606,предложка,1,[]
653,2603,похоже идеальный мужчина предложка,4,[]
654,2599,парень первый пара нерв,4,[]
655,2598,предложка,1,[]
656,2597,третий курс посвящаться анон,4,"[('бляблябль', 1), ('збсзбсзбс', 1), ('прекола', 1)]"
657,2596,,0,[]
658,2594,предложка,1,[]
659,2589,,0,[]
660,2586,тупо бан,2,"[('бад', 1), ('автор слово доска', 3)]"
661,2583,,0,[]
662,2576,истинный логотип мечко предложка,4,"[('прич м вначале', 3), ('зожий', 1)]"
663,2571,предложка,1,"[('пояснить понятно', 2), ('макать', 1)]"
664,2565,зеленский слушать реферат предложка,4,"[('амбридж канон блондинка', 3), ('годный хороший видеть', 3), ('доктор миленький храмцов', 3)]"
665,2561,предложка,1,"[('', 0), ('военный гигиена поп граната помыть', 5)]"
666,2558,предложка,1,[]
667,2554,студент мочь прочитать слайд английский,5,[]
668,2549,новый логотип сзгма мечников стать дурка еб ная разработка бренд бюджет университет выделить миллион рубль,15,"[('пош л отраб', 3)]"
669,2547,предложка,1,[]
670,2545,предложка,1,[]
671,2542,предложка,1,[]
672,2540,предложка,1,[]
673,2536,предложка бать одногруппник попрактиковать пропедевтика комната батя заниматься минута открывать дверь комната одногруппник,13,"[('батя взять остаться', 3)]"
674,2535,,0,"[('проверка начало лекция', 3)]"
675,2531,предложить еда бад ов предложка,5,[]
676,2520,усилие профессиональный дизайнер предложка разработать макет новый логотип сзгма мечников сегодня предстоять решить судьба наш выбирать ум,17,"[('выпускник мочь голосовать', 3), ('вдохновиться наш мем', 3), ('первый логотип здание соответствовать мечниковский', 5), ('', 0), ('', 0)]"
677,2517,нужный план корпус сразу понять происходить слово большой анон,9,"[('хуёвый план', 2)]"
678,2511,предложка история настоящий любовь руина медицинский образование тетрадь одногруппник который первый курс вместе сей пора понимать,16,"[('мочь первый лень делать второй', 5)]"
679,2510,,0,[]
680,2505,предложка,1,"[('скинуть оригинал', 2)]"
681,2499,предложка,1,[]
682,2492,,0,"[('сложный', 1), ('классический тест патфиза', 3), ('вопрос', 1), ('профессионал', 1), ('', 0)]"
683,2489,,0,"[('настолько старый должный', 3)]"
684,2486,предложка ида шь пополнять список долг педиатрия,7,[]
685,2482,предложка,1,"[('аххахахах', 1), ('', 0), ('воевать твой эндокринный железа знать имя', 6), ('шедевральный', 1)]"
686,2478,пугрячий предложка,2,"[('пугорь', 1)]"
687,2474,,0,"[('', 0), ('дост свой шпага', 3), ('це', 1)]"
688,2469,,0,[]
689,2464,,0,[]
690,2461,,0,"[('ахахахахахахаххахахахахахах', 1), ('бесконечно цукиеметь', 2), ('ор', 1), ('проходимый гендзюца занятие приходить', 4)]"
691,2456,предложка,1,[]
692,2448,составитель мудловский тест писать вопрос новый тест фото цвет предложка,10,[]
693,2444,предложка,1,[]
694,2440,,0,[]
695,2437,предложка,1,[]
696,2432,,0,[]
697,2429,предложка,1,"[('кребс', 1), ('еда сегодня метро видеть студент курс павлов сидеть онли мышца читать ещё догадываться спрашивать топография покоиться мир парень', 18)]"
698,2427,,0,"[('экз заказать серия мем ещ готовиться озиза загадка', 8), ('фз', 1)]"
699,2423,,0,[]
700,2420,,0,"[('сэс сися суса сак', 4)]"
701,2419,,0,[]
702,2416,,0,[]
703,2415,,0,[]
704,2413,предложка,1,[]
705,2411,,0,[]
706,2403,коротко экзамен неврология,3,[]
707,2396,,0,"[('бесплатно', 1), ('курс полезно платить', 3), ('заплатить', 1), ('платить переживать', 2), ('происходить', 1)]"
708,2392,предложка,1,"[('ученик', 1), ('ученик мечко мечко школа открыть', 5), ('старое многовато деньга', 3)]"
709,2391,предложка,1,"[('нибыть писать прекрасный который мем ор', 6)]"
710,2386,,0,"[('че военный гигиена памагит', 4)]"
711,2383,добро пожаловать мечхайтеча страница фото видео высокий технология сзгма мечников очень гордиться мочь использовать новинка будущее университет завидовать получать удовольствие преимущество который иметь подписываться присылать фотография звать одногруппник наслаждаться мечхайтеча,30,"[('фуу повестись бабло', 3)]"
712,2377,предложка,1,[]
713,2375,,0,[]
714,2368,,0,"[('делать прививка', 2)]"
715,2359,,0,"[('', 0), ('вести помнить', 2), ('', 0), ('прекрасный женщина', 2), ('', 0), ('йон водород курс который идти час', 6), ('сказать н', 2), ('н нный взаимодействие', 3)]"
716,2356,предложка,1,[]
717,2354,,0,[]
718,2352,знать марка автомобиль предпочитать сотрудник кафедра госпитальный хирургия оппель,9,[]
719,2345,,0,"[('пол', 1)]"
720,2343,,0,"[('ахуеть', 1), ('мариинк', 1), ('ващий очко запихать', 3)]"
721,2340,заш л лекция неоргана курс клинфарма,6,[]
722,2333,сначала сходить пара пекарня взять штрудель ветчина навернуть бурека пара большой перерыв сгонять саба посидеть мак акадос курс,18,"[('стать бедный оформить гастрит', 4)]"
723,2331,,0,[]
724,2328,,0,[]
725,2321,,0,"[('', 0), ('', 0), ('', 0), ('', 0), ('', 0), ('', 0), ('гендерный дисфория рыдать', 3), ('', 0), ('', 0), ('', 0)]"
726,2315,,0,[]
727,2312,,0,[]
728,2311,,0,[]
729,2309,решить разобраться механизм воспалительный реакция предложка,6,"[('разница', 1)]"
730,2305,узнать,1,[]
731,2303,умереть ещ нужно прорешать тест,5,[]
732,2300,,0,[]
733,2295,,0,"[('', 0)]"
734,2288,,0,"[('мпф', 1)]"
735,2286,инф знающий человек мечко скоро ожидаться реальный изменение стабилизировать ситуация кафедра патан уничтожить автомат еда запретить территория мечко аппарат везде сформировать продуктовый альянс соседний чайка пирожок поднять держать буханка смочь сделать главное бухтеть требоваться сидеть тихо сделать весь устроить довольствие пермедовский студент каждый кататься масло главное сидеть тихо суетиться никакой сабвей никакой лавка пекарь переждать вс схватить,57,"[('пояснение плохо', 2), ('аххахах', 1)]"
736,2284,,0,"[('чувство видеть домой ездить', 4), ('', 0), ('пророк сан бой мооооий остров океан ана ана ана', 9)]"
737,2282,субботка отсыпаться отъедаться,3,[]
738,2281,,0,[]
739,2279,предложка,1,[]
740,2276,предложка,1,"[('ответ', 1)]"
741,2274,,0,[]
742,2271,,0,"[('рисунок комната мечта', 3)]"
743,2267,,0,[]
744,2264,коротко экзамен биология,3,"[('ваш здоровье широкий лентец', 4)]"
745,2262,хэллоувина кафедра опх предложка,4,[]
746,2261,,0,[]
747,2257,предложка,1,"[('', 0), ('кричууууууууууа', 1), ('вупсеня пупсеня л лек болька', 5)]"
748,2255,предложка,1,"[('заправлять вейп жижа премиум класс', 5)]"
749,2254,спецгруппа заставить заниматься фото цвет,5,[]
750,2240,предложка,1,"[('удаль весь свой жизнь', 4), ('ещё большой мем костюк пугач слишком', 6)]"
751,2235,предложка,1,"[('медицинский генетика', 2), ('педиатрия', 1), ('', 0), ('терапия', 1), ('литература', 1), ('гигиена', 1)]"
752,2233,,0,[]
753,2231,уходить контрольный фарма предложка,4,"[('скооый отраб опх список', 4)]"
754,2228,экз,1,"[('щука съесть ацетат', 3)]"
755,2226,,0,[]
756,2224,,0,[]
757,2218,предложка,1,[]
758,2217,,0,[]
759,2216,предложка,1,"[('студент беззаботно радоваться ебучих тест', 5)]"
760,2213,план суббота,2,"[('воскресение', 1), ('план выходной', 2)]"
761,2209,аденома отрастить твой простата транслировать концертный зал,7,[]
762,2207,предложка,1,[]
763,2201,господин настать день юный мемологово набраться целый тысяча человек вместе пройти хотеть сказать весь начало подписаться забывать наступать жопа учёба порция качетсвенный мемас мочь поднять настроение,26,"[('', 0)]"
764,2198,каждый утро финляндский,3,"[('сос мыслом', 2), ('идеально', 1), ('пхахаххахахахахахахпхпха', 1)]"
765,2197,,0,[]
766,2192,необычный селезень идти доп преподавать экономика листать далёкий,8,"[('зелезень', 1), ('селезна', 1)]"
767,2190,дело учёба мама весь анатомия предложка,6,"[('', 0)]"
768,2187,выпускать бычок предложка,3,"[('', 0)]"
769,2183,каждый лекция терапия фак хир,5,[]
770,2182,физкульт респект,2,[]
771,2181,выпуститься мечко предложка,3,"[('стать колопроктолог', 2)]"
772,2177,предложка,1,[]
773,2174,предложка,1,"[('паралимпийский', 1), ('наш стройный ряд спецназ величать', 5)]"
774,2173,бредовый ответ пара лицо одногрупп предложка,6,[]
775,2163,попасть комиссионка круглов эмбриогенез кость,5,"[('', 0), ('', 0), ('', 0), ('ор', 1)]"
776,2161,предложка,1,"[('предсказывать появление поздравлять генный инженер сзгма', 6)]"
777,2157,предложка,1,"[('пидорас найти', 2)]"
778,2151,предложка,1,"[('чисто п тр владимирович увидеть студент который отчислить', 8), ('приятно момент происходить твой лекция счастливый секунда понимать вечером нибыть сотня человек сделать греть душа мемасик', 16), ('', 0), ('момент думать смотреть повезти', 4), ('', 0)]"
779,2147,предложка,1,[]
780,2146,,0,[]
781,2141,,0,"[('бжд', 1), ('курс', 1), ('сегодня зачёт анат завтра контрольный соколов химия латынь учить', 9)]"
782,2137,,0,"[('устать', 1), ('чертовый мозг когнитивный искажение восприятие', 5)]"
783,2133,,0,[]
784,2132,,0,[]
785,2131,знать джинсы носить человек формула фельтереть,6,[]
786,2130,,0,[]
787,2129,предложка,1,[]
788,2127,коротко кр лапкин предложка,4,"[('святой женщина', 2)]"
789,2122,предложка,1,"[('классика забывать', 2), ('вдохновить попугач', 2)]"
790,2117,предложка,1,[]
791,2108,заходить бар гендер,3,"[('админ сл з', 3)]"
792,2106,,0,"[('ясно хэйтеры норма охранник', 4)]"
793,2102,попросить показать хирургический способ обработка рука предложка,7,"[('попросить показать пальцевый ректальный исследование', 5), ('', 0)]"
794,2101,,0,[]
795,2093,предложка,1,[]
796,2089,предложка,1,"[('', 0), ('', 0), ('экзамен завтра', 2)]"
797,2086,предложка,1,[]
798,2085,,0,[]
799,2082,,0,[]
800,2080,,0,[]
801,2076,,0,"[('колоритный заброшка', 2), ('даа', 1)]"
802,2075,предложка,1,[]
803,2074,остаться скатать последний шарик практика,5,[]
804,2071,предложка,1,"[('точно читать северин', 3)]"
805,2066,,0,[]
806,2063,,0,"[('напомнить слово', 2)]"
807,2061,,0,[]
808,2056,выбор,1,[]
809,2053,,0,"[('откуда', 1), ('больший книга видеть итальянский учебник заниматься учебник право страница учебник микроэкономика ещ страница семестр весь', 15)]"
810,2049,жизнь студент х акт,4,"[('четв рот курс', 3), ('', 0), ('', 0), ('', 0), ('курс', 1)]"
811,2047,,0,"[('ещ работать', 2), ('хороший булочка', 2)]"
812,2037,,0,[]
813,2033,,0,"[('', 0), ('автор пост получиться написать хотеть узнать демон вызвать', 8)]"
814,2030,,0,"[('', 0)]"
815,2028,тест бжд попадаться вопрос,4,"[('', 0), ('', 0)]"
816,2025,,0,"[('серьёзно', 1), ('син', 1)]"
817,2022,предложка,1,"[('грустно', 1)]"
818,2014,жизнь прожить рассказать лекция адаптация,5,"[('авицена', 1)]"
819,2013,,0,"[('', 0)]"
820,2009,зайти речь бедренный канал,4,[]
821,2002,,0,"[('держаться милый доппио', 3), ('жожо фан админ ещё хороший казаться', 6)]"
822,1996,,0,"[('чета скатиться', 2)]"
823,1993,,0,"[('', 0)]"
824,1987,,0,"[('пояснение человек картинка', 3)]"
825,1985,,0,"[('иванов бх заценить', 3)]"
826,1983,библиотека,1,[]
827,1981,,0,[]
828,1977,,0,[]
829,1974,предложка,1,"[('примерно', 1)]"
830,1970,,0,"[('', 0)]"
831,1969,,0,[]
832,1965,,0,"[('коваленко', 1), ('оришак', 1)]"
833,1964,предложка,1,[]
834,1962,,0,[]
835,1958,,0,"[('слеза нахуй', 2)]"
836,1955,бадов бахнуть бадов предложка,4,"[('хороший', 1), ('необычно', 1), ('хороший преподаватель', 2)]"
837,1948,часть лекция подходить конец студент,5,"[('', 0), ('истина мечко', 2), ('', 0), ('', 0), ('работа сходить лекция слушать трудно', 5), ('оригинал', 1)]"
838,1946,,0,"[('нб', 1)]"
839,1945,,0,[]
840,1939,предложка,1,"[('камикадзе пт', 2)]"
841,1935,предложка,1,[]
842,1931,предложка,1,[]
843,1929,добро пожаловать третий курс предложка,5,"[('лола гигиена патан микра первый курс фарма курс', 8), ('абсолютно бесполезный', 2), ('слева направо', 2)]"
844,1927,предложка,1,"[('кодзима гений', 2)]"
845,1925,,0,[]
846,1918,,0,"[('', 0), ('аахвхахахахахахахааххахахаххахаххааххха', 1), ('', 0), ('', 0), ('', 0)]"
847,1914,,0,[]
848,1911,,0,"[('врачъ', 1)]"
849,1908,предложка,1,"[('', 0), ('кузнецов мушкамбар пош л хер', 5), ('практика пояснить учить бабулька топ', 5)]"
850,1905,,0,[]
851,1902,,0,[]
852,1895,божественный кафедра предложка,3,[]
853,1892,градиент обмануть предложка,3,"[('почему фотография одинаковый', 3), ('', 0)]"
854,1889,,0,[]
855,1886,предложка,1,"[('шедевр', 1), ('откуда драматичный сцена', 3), ('аплодировать стоя', 2)]"
856,1884,,0,"[('попооооовва', 1), ('', 0)]"
857,1880,предложка,1,"[('жиза', 1), ('господь хороший мем мечко создатель молодец', 6), ('удовлетворение приносить', 2)]"
858,1876,,0,[]
859,1873,предложка,1,[]
860,1871,,0,[]
861,1870,,0,[]
862,1869,,0,"[('', 0)]"
863,1868,,0,[]
864,1867,,0,[]
865,1866,,0,[]
866,1865,,0,[]
867,1855,,0,[]
868,1850,предложка,1,"[('ясно автор год', 3)]"
869,1849,предложка,1,[]
870,1847,бл ть,2,[]
871,1839,предложка,1,"[('ленин гордиться', 2)]"
872,1835,учить опех,2,"[('выучить сдохнуть', 2)]"
873,1834,предложка,1,[]
874,1832,предложка,1,[]
875,1831,предложка,1,"[('сколько изз проездить километр', 4)]"
876,1829,предложка,1,[]
877,1826,,0,[]
878,1823,предложка,1,[]
879,1821,,0,"[('истинный олд', 2)]"
880,1820,,0,[]
881,1817,предложка,1,[]
882,1815,,0,[]
883,1803,,0,[]
884,1796,,0,"[('', 0), ('', 0), ('обязательно музона', 2)]"
885,1794,коротко выездной занятие педиатрия,4,[]
886,1791,предложка,1,"[('помоему иначе никак', 3), ('', 0)]"
887,1790,подняться продажа бейдж перваш кафедра пропеда предложка,7,[]
888,1789,предложка,1,[]
889,1777,предложка,1,"[('елена', 1)]"
890,1775,одногрупникнуть говорить сдавать долг тясыч отраб предложка,7,"[('итог выйти числануть универ', 4)]"
891,1772,предложка,1,[]
892,1771,предложка,1,[]
893,1770,рихтер существовать,2,"[('английский', 1)]"
894,1768,,0,[]
895,1765,,0,"[('горячий автомобиль', 2)]"
896,1762,вопрос лидер протест убожество зов тся оксимирон,7,"[('вообще забыть лола', 3)]"
897,1761,,0,"[('', 0)]"
898,1760,предложка,1,[]
899,1757,,0,[]
900,1756,,0,[]
901,1750,,0,[]
902,1748,,0,"[('выражение лицо примерно совпадать фаза девушка', 6)]"
903,1733,анонимно,1,"[('', 0), ('шедевральный', 1), ('божественно', 1), ('великолепно', 1), ('витиеватый', 1), ('жизненно', 1)]"
904,1728,,0,[]
905,1723,,0,[]
906,1722,предложка,1,"[('', 0)]"
907,1716,,0,"[('простить философия', 2)]"
908,1711,,0,[]
909,1708,еле успеть закрыться допёс очень строгий препод следующий семестр твой группа ставить,12,"[('говорить животное последний вообще ставить', 5)]"
910,1704,,0,"[('сдохнуть ахахахахах', 2), ('', 0), ('ля гениально', 2), ('топ', 1)]"
911,1701,практося попросить выполнить внутримышечный инъекция,5,[]
912,1695,,0,"[('ябут', 1), ('прочерк блиадить нада', 3)]"
913,1690,защита практика предложка,3,"[('основать реальный событие', 3), ('', 0), ('семашка раковина', 2), ('актуально', 1)]"
914,1687,владимир абдулаевич поздравлять весь,4,[]
915,1682,,0,"[('интересный концепция парень', 3), ('знакомый лицо парень шикарный', 4), ('вполне хороший', 2)]"
916,1680,,0,"[('пятый смотреть пикчить каждый сл з сука х', 8)]"
917,1676,искать поддержка куратор,3,[]
918,1674,,0,"[('', 0), ('хасан мутаевич хороший', 3)]"
919,1673,ответ экзамен предложка,3,"[('гигиена препод проверять правило тр х', 6), ('слесарев', 1)]"
920,1671,,0,[]
921,1670,,0,[]
922,1668,,0,[]
923,1658,предложка,1,[]
924,1652,предложка,1,"[('лайк снейк ор лайк сосидж', 5), ('ааааахахпхпхпха', 1), ('', 0)]"
925,1650,,0,"[('жез', 1), ('скинуть картинка чисто котик', 4)]"
926,1649,предложка,1,[]
927,1647,,0,[]
928,1645,предложка,1,[]
929,1639,сесть отвечать иванов,3,[]
930,1638,экз иванов пойда выбирать очередной жертва годнота предложка,8,[]
931,1625,предложка,1,"[('', 0), ('', 0), ('', 0)]"
932,1622,пропеда накинуть пол балл галстук,5,"[('учебник', 1)]"
933,1620,олдовыя мем,2,"[('мем стареть', 2)]"
934,1616,узнать,1,"[('столыпинский галстук', 2), ('анатолий разепин', 2), ('', 0), ('задолбать бабочка давать большой балл', 5)]"
935,1613,,0,"[('хороший мем летний сессия', 4), ('', 0)]"
936,1610,,0,[]
937,1607,предложка,1,"[('грався', 1)]"
938,1606,писать зач ткать студент который выгнать микронаушник,7,[]
939,1604,,0,"[('будников очень красивый', 3), ('сука ор', 2)]"
940,1602,предложка обычный инвалид мечко,4,"[('волков привезти', 2), ('ещ препод английский привозить', 4)]"
941,1595,,0,[]
942,1593,,0,"[('ыы', 1)]"
943,1585,предложка,1,"[('', 0), ('', 0), ('сев сердешко', 2), ('', 0), ('музыченко оценить', 2), ('', 0), ('', 0), ('лав', 1), ('почему вспомниться мем', 3)]"
944,1577,предложка,1,"[('слизерин', 1), ('трюрьма сексуальный преступник', 3)]"
945,1572,предложка чувствовать запах фенилкетонурия первак большой мир пахнуть мышь любить запах кафедра биология поутру однажды ждать очередь компьютерный класс час подряд бедолага закончиться заш л вонючий рейтенгистый запах весь кафедра пропитать запах пересдача нибыть экзамен закончиться,36,"[('соскучиться запах мышь добро пожаловать кафедра судмёд', 7), ('соскучиться запах мышь добро пожаловать кабинет харитонов', 7)]"
946,1570,общий инфаркт ниаламид заблокировать мао,5,"[('', 0)]"
947,1568,,0,"[('ус эпик', 2)]"
948,1564,,0,"[('', 0), ('гигиена пффф сдать патан', 4), ('пфф закончить мечко', 3)]"
949,1558,предложка,1,[]
950,1556,,0,"[('', 0)]"
951,1555,,0,[]
952,1551,,0,[]
953,1547,,0,"[('', 0)]"
954,1545,предложка,1,"[('', 0), ('зам декан лф', 3), ('лапонька', 1), ('сначала понела понела', 3)]"
955,1543,анон плёс,2,[]
956,1532,,0,"[('', 0), ('некроз воспалительный катастрофаааааааа', 3), ('инсульт', 1), ('маска щеголев', 2), ('слишком знакомый шутка', 3)]"
957,1528,,0,[]
958,1527,,0,"[('кайфарик рейтингистый попросить', 3)]"
959,1524,сессия наступить связь запускать хэштег подвздошныеусынадежда делать репост запись точно сдать экзамен знать медпрофа экзамен фарма помочь,17,"[('репостнуть', 1), ('понимать дискриминация медпрофа давно сложиться круг мемологово традиция обидно', 9), ('волосатый запчасть', 2), ('стомат который экз пн', 4)]"
960,1521,,0,[]
961,1519,предложка,1,[]
962,1517,предложка,1,"[('марьянович', 1), ('', 0), ('марьянович топчик', 2)]"
963,1512,предложка,1,"[('волков', 1), ('иммуннка', 1)]"
964,1509,предложка,1,[]
965,1506,предложка,1,[]
966,1504,предложка,1,[]
967,1500,,0,"[('судить лф мечко мальчик', 4)]"
968,1497,предложка,1,[]
969,1490,предложка ор,2,[]
970,1489,предложка,1,[]
971,1488,предлог,1,"[('продать метод слобожанин', 3)]"
972,1480,,0,"[('жиза', 1), ('отработка остаться', 2), ('слава христос', 2), ('', 0), ('эххха басик', 2)]"
973,1479,,0,"[('профессор лучкевич', 2)]"
974,1478,предложка,1,[]
975,1474,смочь смириться поражение привести снова анон,6,"[('контекст лс полный понимание ситуация', 5)]"
976,1473,,0,[]
977,1471,спорт жизнь месяц анон пжлст,5,[]
978,1467,,0,"[('хотеться идти столовка', 3)]"
979,1465,,0,"[('владислав бести донт херта ми ноу мор', 7)]"
980,1458,предложка,1,"[('ре ми фа соль ля си приёмный отсосать', 8), ('рнуть', 1)]"
981,1456,кафедра патфиза записывать туториал,4,[]
982,1455,предложка,1,[]
983,1453,предложка,1,[]
984,1452,предложка,1,[]
985,1450,предложка,1,[]
986,1448,предложка пекло последний клетка мозг,5,"[('п вообще помереть', 3)]"
987,1446,предложка,1,[]
988,1442,вводить прямой кишка молиться,4,[]
989,1441,анон,1,[]
990,1435,,0,[]
991,1434,,0,[]
992,1431,,0,[]
993,1430,,0,"[('', 0)]"
994,1427,предложка,1,[]
995,1414,лекция слобжа анон,3,"[('обьяснит', 1), ('', 0)]"
996,1413,предложка,1,"[('напомнить', 1)]"
997,1408,предложка,1,[]
998,1401,,0,"[('слишком сложный памагить', 3), ('хз дело играть ассоциация оксить рено поспорить мб сакральный смысл неведомый', 11)]"
999,1400,предложка,1,[]
1000,1398,предложка,1,[]
1001,1396,годнота предложка,2,"[('жаль прид спасти группа слобжа', 5)]"
1002,1394,предложка,1,[]
1003,1393,,0,[]
1004,1326,предложка,1,[]
1005,1325,анон,1,[]
1006,1322,предложка,1,[]
1007,1320,предложка,1,[]
1008,1309,держаться пацан,2,"[('держать оборона', 2), ('рихтер рассказать плз', 3), ('ахахах первач рихтер самый сложный испытание вуз', 7), ('вернуться', 1)]"
1009,1306,сдать кр фарма скоро экз тест весь сука дисциплина предложка,10,[]
1010,1300,,0,"[('', 0)]"
1011,1299,пообщаться первокурсник речь зайти английский,5,[]
1012,1295,предложка,1,"[('', 0), ('охуесть', 1)]"
1013,1293,актуальный предложка,2,"[('че сразу английский', 3)]"
1014,1280,предложка,1,"[('шуткиииия', 1)]"
1015,1279,сегодня павильон приходить посмеяться,4,[]
1016,1276,,0,[]
1017,1275,годнота предложка,2,[]
1018,1273,,0,[]
1019,1272,предложка,1,"[('умирать жирный ибс', 3)]"
1020,1269,,0,"[('сегодня моча', 2)]"
1021,1266,болезнь нищий предложка,3,[]
1022,1264,предложка,1,[]
1023,1262,,0,[]
1024,1260,анон,1,"[('картинка смешной ситуация страшный', 4)]"
1025,1253,сказать потерянный время прямиком предложка,5,"[('философия речь зайти время', 4), ('', 0), ('', 0)]"
1026,1252,сотворение пиририва предложка,3,"[('', 0)]"
1027,1245,,0,"[('жеска', 1), ('стоить иначе зелёный', 3)]"
1028,1241,,0,[]
1029,1239,анонимуса,1,"[('', 0), ('', 0)]"
1030,1238,подгореть предложка,2,"[('', 0)]"
1031,1234,день контрольный предложка,3,[]
1032,1232,уровень готовность фарма предложка,4,"[('каллапс', 1)]"
1033,1227,сделать мем бассейн,3,"[('лайкать страшно', 2)]"
1034,1219,актуалочка предложка,2,"[('основать реальный событие людмила', 4)]"
1035,1217,,0,[]
1036,1215,,0,"[('отработка', 1)]"
1037,1210,,0,"[('', 0), ('', 0), ('', 0)]"
1038,1209,годнота предложка,2,"[('мама', 1)]"
1039,1207,петровский предложка,2,[]
1040,1202,предложка,1,"[('студент брыкаться', 2)]"
1041,1201,предложка,1,"[('', 0)]"
1042,1197,предложка,1,[]
1043,1195,предложка,1,"[('прошин спрятаться', 2)]"
1044,1193,предложка,1,[]
1045,1189,жизненный предложка,2,[]
1046,1182,предложка,1,"[('весь привет звать андрей петровский научить сдавать зач давно торговать год вместе студент среднее прошедший год зарабатывать млн рубль месяц сентябрь завести закрытый группа трейдер который каждый мочь зарабатывать вместе прошлый неделя заработать большой тысяча рубль подписчик гораздо большой вход группа временно бесплатный нужно зарегистрировать ссылка пополнить счёт платформа переживать закрытый группа подробный инструкция объяснение торговать зарабатывать вместе разобраться каждый переходить ссылка присоединяться закрытый клуб трейдер', 66), ('лайк переслать ссылка', 3), ('вообще малышка сидеть получать неделя желать заглянуть страница', 8)]"
1047,1178,,0,"[('бежать мечко', 2), ('бежать скальпель', 2), ('бежать мечко деканат записаться практика', 5)]"
1048,1177,,0,[]
1049,1175,предложка,1,[]
1050,1173,годнота предложка,2,[]
1051,1167,предложка,1,"[('эксперт озизистый хотеть заметить секторный диаграмма необходимо строить большой показатель затем убывать больший наглядность последний розовенький пункт должный первый', 19)]"
1052,1166,предложка,1,[]
1053,1165,каждый писать список опх предложка,5,"[('список', 1)]"
1054,1159,опоздание вс,2,"[('спойлер доехать', 2), ('спойлер доесть', 2)]"
1055,1155,,0,[]
1056,1154,,0,[]
1057,1153,,0,"[('кой психануть', 2)]"
1058,1147,терапия хирургия,2,[]
1059,1133,,0,"[('ебать шарить забыть песня добавить', 5), ('', 0), ('', 0), ('', 0), ('дио лох', 2), ('', 0), ('фонд спидвагон', 2), ('', 0)]"
1060,1130,предложка,1,"[('пранк', 1), ('весь уч мечко большой пранк', 5)]"
1061,1129,,0,"[('сразу прийти ум', 3)]"
1062,1128,,0,[]
1063,1119,палеозойский предложка,2,"[('самый хороший', 2), ('', 0), ('ахахи', 1), ('че вернуться', 2), ('', 0), ('ооооооооо', 1), ('', 0), ('мать ваш', 2), ('ещ вымереть', 2)]"
1064,1117,,0,[]
1065,1116,,0,[]
1066,1113,говорить второй шанс жизнь,4,[]
1067,1112,мем проплатить являться владелец пекарня мочь закинуть донат,8,[]
1068,1111,мудол сме тся годнота предложка,5,[]
1069,1109,любить самол,2,"[('ахахаххахахахахахах', 1)]"
1070,1107,мёмный катастрофа,2,[]
1071,1106,предложка,1,[]
1072,1101,предложка,1,"[('сдать фарма', 2)]"
1073,1098,предложка,1,"[('сос мыслом', 2)]"
1074,1094,предложка,1,[]
1075,1087,охранник мечка предложка,3,"[('ахахахахахах точно', 2)]"
1076,1078,,0,"[('плохо пахнуть', 2), ('плохо пахнуть', 2), ('ида шь пара суслов', 4), ('наш соколов смертин нормально пахнуть', 5), ('соколов гист веда двгма', 4)]"
1077,1075,годнота предложка,2,[]
1078,1070,предложка,1,"[('катить многий кафедра', 3), ('коллка биос незач', 3), ('кураж', 1)]"
1079,1066,,0,"[('', 0)]"
1080,1065,предложка,1,[]
1081,1064,говорить долго учить опех однажды опех выучить жиза предложка,9,[]
1082,1060,твой одногруппник физр бежать км ида шь внутренний круг инвалид предложка,11,"[('чисто', 1), ('почему ор', 2)]"
1083,1058,предложка прямиком петропавловка,3,[]
1084,1051,предложка,1,"[('знать большой весь вода кафедра гигиена настоящий вода высокий органолептичечкий показатель весь остальной вода субпродукт', 15), ('большой весь вода доп гигиена питание всякий гуманитарий', 8)]"
1085,1047,админ вспомнить забота предложка проходить конкурс известный причина обещать победитель получить свой заслужить подарок невероятный футболка победитель жизнь весь известный свой талант мемология алла смбатян автор мем опх целый пакет неземной благо быстрый приготовление чемпион мнение админовый ян янькова автор мем ненаглядный ещ поздравлять лидер весь участник конкурс очень порадовать свой креативность постараться проводить мероприятие частый очень любим,58,"[('', 0), ('взять футболка', 2)]"
1086,1042,предложка,1,"[('старший курс дожить голубчик', 4)]"
1087,1039,грустный предложка,2,"[('зараза предупредить', 2)]"
1088,1037,жизненный предложка,2,[]
1089,1034,ставить лайк считать сникёрса самый хороший,6,"[('любить глаз красный', 3)]"
1090,1024,предложка,1,[]
1091,1022,немного жиза предложка,3,[]
1092,1019,,0,"[('случиться соколов', 2)]"
1093,1017,,0,"[('дед хасан', 2)]"
1094,1015,предложка,1,[]
1095,1012,записаться сно философия предложко,4,"[('сложный мем иванов', 3)]"
1096,1010,предложка дело прислать лс группа,5,[]
1097,1009,предложка,1,[]
1098,1007,,0,"[('нужный меч взгляд испепелить', 4), ('', 0), ('связать фамилия меч', 3)]"
1099,1006,локальный предложка,2,[]
1100,1003,,0,"[('лойс найти паскахлка', 3)]"
1101,1002,,0,[]
1102,1001,,0,[]
1103,1000,приз первый место очередь опэхо агон,6,[]
1104,997,,0,[]
1105,996,,0,[]
1106,995,,0,[]
1107,984,годнота предложка,2,[]
1108,981,поздравлять великолепный алла смбатян победа конкурс огромный список твой отработка отрыв мем опх выбиться конкуренция занять первый место опрос закрывать конец неделя проведа м торжественный награждение вс самый интересный ещ впереди голос подсчитать победитель объявить админ снова прид тся ч делать напоминать основный конкурс вручение приз админский симпатия ч м подробный объявить поздний,53,"[('смбатян алла победитель провокационный конкурс обязать сообщничество некий рашид гандаровой коия находчивый ум сгенерировать подпись весь проголосовать большой', 18), ('сообщничество', 1)]"
1109,978,победитель,1,[]
1110,977,,0,[]
1111,976,,0,[]
1112,975,,0,[]
1113,974,,0,[]
1114,973,,0,[]
1115,971,,0,[]
1116,970,,0,"[('ишо', 1)]"
1117,959,рак,1,[]
1118,957,предложка,1,[]
1119,955,предложка,1,[]
1120,954,попросить дружка пирожок встать лекция зассать предложка,7,[]
1121,945,физр бассейн,2,"[('предпочитать', 1)]"
1122,932,,0,"[('должный библиотека фотка', 3), ('туда нужно отправиться масленников снимать паранормальный', 6), ('пхахахи', 1), ('ор выше гора', 3), ('почему весь мечко', 3), ('действительно должный картинка', 3), ('хороший нибыть дерево сходить павильон', 5), ('психотравма весь студент', 3), ('должный картинка этаж деканат', 4)]"
1123,928,,0,[]
1124,926,дама господин настать судный день наш мемологово сегодня начинать голосование хороший работа который продлиться ровно день завершиться полночь победитель торжественно сдеанонный щедро вознагражда н пакет неизвестный пока содержимое погнать,29,[]
1125,916,,0,"[('', 0), ('', 0), ('некроз некроз рознь', 3), ('петровский', 1), ('гумила ва', 2), ('', 0)]"
1126,911,ставить жиза,2,"[('многоэташка вон группа', 3), ('нихуй мета', 2)]"
1127,905,предложка,1,"[('оценка зач тке хотеть', 4), ('чета голос', 2)]"
1128,903,предложка,1,[]
1129,898,предложка,1,"[('любой лекция', 2)]"
1130,896,предложка,1,[]
1131,895,предложка,1,[]
1132,894,предложка,1,[]
1133,887,,0,"[('ля ля качество куратор', 4)]"
1134,885,предложка,1,"[('скидыщь', 1)]"
1135,883,,0,[]
1136,882,хирургический мем,2,"[('приём прингнуть', 2)]"
1137,880,предложка,1,[]
1138,875,предложка,1,"[('бог сергей владимирович ещ первый курс', 6)]"
1139,874,размер иметь значение,3,"[('оперативный клинический хирургия топографический анатомия', 5)]"
1140,869,заниматься семестр ерохин конец приша л проставлять зач предложка,9,"[('', 0), ('спросить вичаслава никлаич', 3)]"
1141,868,,0,[]
1142,865,анон учить опх предложка,4,[]
1143,864,анон понять предложка,3,"[('бан', 1)]"
1144,859,,0,[]
1145,856,предложка,1,[]
1146,855,религиозный предложка,2,"[('', 0), ('', 0)]"
1147,852,попадать парень клуб целоваться пориться бублик танцевать песня азис парень громко спрашивать мочь одолжить микронаушник экзамен музыка замолкать обрываться полуслово обращать внимание шептаться отходить сторона бояться выходить предводитель гей самый гейский розовый шуба голый тело говорить парень идти отсюда пидор грязный,41,[]
1148,851,твой любимый тян предложка,4,"[('админ ждать фул сообщение группа', 5)]"
1149,849,,0,[]
1150,848,,0,[]
1151,845,,0,"[('аудиолекция', 1)]"
1152,844,мечко любить весь предложка,4,[]
1153,841,пересесть игла мужской одобрение сотка предложка,6,[]
1154,835,предложка продолжать бадибэгать,3,[]
1155,829,,0,"[('давать грустный стипендия ничтожный', 4)]"
1156,828,типичный пара физа предложка,4,"[('', 0)]"
1157,826,теневой король мечко нестареющий прямиком предложка,6,"[('селезна ва рука необычно сложённый', 5)]"
1158,824,ида шь мечко предложка,4,[]
1159,820,современный медицина предложка одмена сразу понять мем,7,[]
1160,813,,0,"[('', 0), ('точка попасть', 2)]"
1161,812,предложка,1,[]
1162,809,предложка,1,"[('сложно', 1), ('пара день дойти', 3)]"
1163,804,,0,"[('реж человек час', 3)]"
1164,797,предложка,1,"[('пикчер мочь некроз сдать считать', 5), ('угараета самый понимать преподаватель', 4), ('богиня', 1)]"
1165,793,студент свой билет вопрос бронетанковый войско,6,"[('жиза', 1)]"
1166,789,предложка,1,"[('власть далёкий практика', 3)]"
1167,788,предложка,1,[]
1168,787,друг настать день мочь воплотить жизнь давно запланировать рофляночка рать долго идти цифра пот кровь отработка гигиенический террор тысяча шутка ещ пара неделя назад поверить главный поднимать настроение одмена закидывать предложка свой шедевр поэтому начинать сегодняшний день любой выложить мем подписчик автоматически принимать участие конкурс хороший работа который завыть большой весь сердечко принять участие голосование самый годный мем опрос проводить день память жертва перкуссия аускультация срок завершение ещ нужно подумать победитель получить щедрый подарок администрация ещ приз символический работа который вызвать большой весь симпатия одменовый мем победитель поучаствовать парочка картинка заваляться предложка участвовать,93,"[('скоро ещ пальпация жкт', 4), ('дошик', 1)]"
1169,785,лф,1,"[('пхаххах', 1), ('пуська вид отвечать', 3), ('кек', 1)]"
1170,784,большой физр неделя,3,"[('', 0)]"
1171,779,многочисленный просьба реклама паблось,4,[]
1172,769,,0,"[('реклама заплатить', 2), ('счастливый семпай заметить', 3), ('ярик архив патик', 3)]"
1173,766,годнота предложка,2,"[('лооооооооооол', 1), ('бадибэк', 1), ('мем смешной ситуация страшный', 4)]"
1174,764,,0,[]
1175,761,,0,[]
1176,760,,0,[]
1177,759,,0,"[('хороший попытка александр александрович', 4)]"
1178,753,анон админ любить каминг аут,5,"[('лф знать чей пост', 4)]"
1179,751,,0,"[('', 0), ('', 0), ('', 0)]"
1180,747,месяц отработка собирать деньга курс,5,[]
1181,743,расписать вопрос дизентерия препод сказать билет дифтерия,7,"[('жиза', 1), ('ахахахахахахааа стко', 2), ('почему жизаааааахахах', 2), ('хрень почему шигелами ишерихия', 4), ('хахаххахахахаххыхахвхэахахах', 1)]"
1182,741,,0,[]
1183,738,,0,"[('бжд микро вышка', 3)]"
1184,730,годнота предложка,2,"[('фильтрат фаголизат', 2)]"
1185,729,ещ немного фаголизат предложка,4,"[('господь объяснить несмышлёный второкурсник дерьмо ещё знать нравиться', 8), ('напечатать бесподобный', 2)]"
1186,726,спалиться часами,2,[]
1187,725,,0,[]
1188,724,,0,[]
1189,723,,0,[]
1190,722,,0,[]
1191,720,админский жиза,2,[]
1192,717,счастливый прид тся сдавать микра добромем предложка,7,"[('очень', 1), ('жеска', 1), ('объяснить медик надеяться зародыш', 4)]"
1193,714,спросить насколько готовый микра,4,[]
1194,713,,0,[]
1195,708,весь год учить лф,4,"[('репость простить господь', 3), ('', 0)]"
1196,705,ероха очередной спрашивать новый земля сосновый бора экзамен,8,"[('чувствовать сыч унизить ероха', 4)]"
1197,699,анон дело оценить,3,"[('бутылка маленький', 2), ('должный', 1)]"
1198,696,,0,"[('фенотропить лох нормальный пацан пить глицин', 6)]"
1199,691,полнолуние токсиколог,2,"[('нетерпение ждать мем микра превращение нибыть палка кокк', 8)]"
1200,686,годнота предложка,2,"[('билет военка рыжков', 3), ('хороший переэкзаменовка микра', 3)]"
1201,682,,0,"[('ахахах', 1)]"
1202,681,весь экзамен микра большой мем н м нихуёвый чикс чпоканье,10,[]
1203,680,гугл обмануть годнота предложка,4,[]
1204,678,,0,"[('', 0)]"
1205,672,годнота предложка,2,"[('игнора этаж', 2), ('этаж ника минаж', 3), ('сука сос мыслом', 3)]"
1206,669,мёмный лка добавить стена твой новый год самый вес лым,10,[]
1207,667,примерно выглядеть человек который выучить патфиз,6,"[('выглядеть человек который выучить педиатрия', 5)]"
1208,666,богатырь репостнуть стена точно закрыть закрыть сдать сдать поднять колено колено,11,[]
1209,665,,0,[]
1210,664,,0,"[('', 0)]"
1211,662,весь наш жизнь тест бжд немой запятая указать,8,"[('тооооооненький', 1)]"
1212,661,,0,[]
1213,660,считать деньга который потратить курс,5,[]
1214,659,,0,[]
1215,657,коротко последний новость везде админ сразу понять мем,8,[]
1216,655,годнота предложка,2,[]
1217,653,анон хд,2,[]
1218,650,,0,[]
1219,645,,0,[]
1220,642,,0,[]
1221,640,,0,[]
1222,639,разбирать блок микра,3,"[('узнать существование задача', 3)]"
1223,638,,0,[]
1224,634,каждый пара патфиза,3,[]
1225,633,,0,"[('пояснить понять плиз', 3)]"
1226,630,фонд борьба альцгеймер помочь весь мир сбербанк вебманя яндекс деньга сбербанк фонд память нб сбербанк,15,[]
1227,627,регулярно заходить кафедра биохимия каждый спрашивать проверить микрокр тканевый каждый отвечать спрашивать ответить смысл отвечать препод отвечать неизменный интонация каждый неизменный интонация спрашивать проверить проверить цитохром результат ещё оценка свой узнать ваш работа ещ проверить хотеть посмотреть свой работа извинить ещ проверить микрокр тканевый проверить студент павлов второй месяц говорить свой оценка ваш работа ещё проверить препод знать идеально лицо знать спросить знать ответить ещ жест слово показать каждый знать сценарий бывать вход объяснять нолик стоматолог заходить аудитория подсматривать дверной щель равнодушно объявлять перерыв бер ведомость выходить коридор хотеть нужный оценка жаль общаться препод стоя рядом терпеливо ждать закончить работа проверить занятие сказать результат день отработка скучать стол аудитория толпа народ расталкивать весь знать далёкий пода вид равнодушно бер ведомость свой оценка дождаться мочь вообще нибыть проверить сказать результат очень суровый настоящий мужской противостояние исход который ясный очевидный каждый сторона рассчитывать победа согласный отраб,144,"[('душещипательный история', 2), ('регулярно заходить магазин музыкальный инструмент тульский каждый спрашивать продажа балалайка каждый отвечать спрашивать ответить смысл отвечать продавец отвечать неизменный интонация каждый неизменный интонация спрашивать балалайка балалайка балалайка продажа балалайка торговать балалайка посмотреть балалайка продажа хотеть купить балалайка почём вообще извинить продажа балалайка народный инструмент балалайка нужный заказывать прод м продавец зараза знать идеально лицо знать спросить знать ответить ещ жест слово показать каждый знать сценарий бывать продавец курить вход когдить заходить магазин подсматривать стеклянный дверь равнодушно докуривать выбрасывать бычок возвращаться прилавок хотеть нужный балалайка жаль общаться клиент стоя рядом терпеливо ждать закончить балалайка продажа торговать скучать прилавок магазин расхаживать зала знать далёкий пода вид равнодушно бер журнал балалайка найти мочь вообще продажа бывать бывать торговать очень суровый настоящий мужской противостояние исход который ясный очевидный каждый сторона рассчитывать победа согласный ничья', 130), ('фейк', 1)]"
1228,625,,0,[]
1229,624,ещё немного предложка,3,"[('орига плёс', 2)]"
1230,618,предложка,1,"[('админ', 1)]"
1231,614,,0,"[('голос забыть', 2), ('пуг зайка', 2)]"
1232,612,первый прид начн,3,"[('', 0)]"
1233,610,анамнез жизнь ошибка,3,[]
1234,608,,0,"[('постирония', 1), ('почему годнота набирать лайковый', 4)]"
1235,604,,0,"[('мочь', 1)]"
1236,603,знать спрашивать селезть нка эритроцит разрушить олд,7,"[('мочь подождать пока мемес сделать', 5), ('', 0), ('место', 1)]"
1237,602,,0,[]
1238,601,ставить лук писать лекция слобжа успевать,6,[]
1239,600,,0,[]
1240,593,,0,[]
1241,587,время меняться ютуба ост тся,5,[]
1242,585,,0,"[('жыз', 1)]"
1243,584,,0,[]
1244,582,,0,"[('прошлое', 1)]"
1245,576,олд,1,"[('', 0), ('олд место', 2)]"
1246,575,пытаться избежать отработка опх,4,[]
1247,574,,0,"[('репостнуть друг', 2), ('ет', 1)]"
1248,571,,0,[]
1249,570,,0,[]
1250,568,разминать анал,2,[]
1251,561,,0,[]
1252,560,,0,"[('', 0)]"
1253,559,,0,[]
1254,558,пройти финал свой тупой шутка,5,"[('прош л финал вообще пошутить иметь вид', 7)]"
1255,557,,0,"[('', 0), ('интересный говно мем придумать тупой чел нормальный команда который финал пройти', 11)]"
1256,556,,0,[]
1257,554,,0,"[('ваш кишка сделать коллега пятёрка показать должный заканчиваться операция гартман', 10)]"
1258,548,,0,"[('понимать', 1)]"
1259,545,,0,"[('', 0), ('олд', 1), ('место', 1), ('химический состав фото зашкаливать', 4)]"
1260,544,,0,[]
1261,541,,0,"[('большой перерыв хватить налюбоваться', 4), ('фуууа отвратный еда', 3), ('еее армянин рулить', 3), ('поспорить', 1)]"
1262,540,олдфаг вспомнить,2,[]
1263,539,отвечать слобожанин,2,[]
1264,536,,0,"[('соболев отписываться', 2)]"
1265,535,ненадолго отойти пока повторять час,5,[]
1266,530,,0,"[('сложно помочь', 2), ('рашид хороший препод пропеда', 4), ('даня молчать', 2)]"
1267,529,,0,"[('воспаление типовой процесс', 3)]"
1268,526,физр,1,"[('очень сложный выбор нб пневмония прид тся отрабатывать', 8)]"
1269,521,,0,"[('заплатить лудшоя', 2), ('фиона нравиться слобжа пора пока встретить прошин', 7), ('тиссный', 1)]"
1270,518,,0,[]
1271,515,,0,"[('последний мощев', 2)]"
1272,514,,0,[]
1273,512,,0,[]
1274,511,,0,[]
1275,510,,0,[]
1276,508,говорить бассейн,2,"[('', 0)]"
1277,504,,0,"[('марина стать алкаш', 3)]"
1278,503,,0,[]
1279,501,редкий фото студент сзгма заканчивать решать тест бжд,8,"[('нарзикул мочь обновить банк вопрос', 5)]"
1280,499,,0,[]
1281,498,,0,[]
1282,494,спасательный круг экзамен бх петлить повешение,6,[]
1283,491,,0,[]
1284,490,святой троица говорить приносить удача лайкнуть пост сделать репост точно сдать экзамен детка,13,[]
1285,489,,0,[]
1286,484,,0,[]
1287,467,,0,[]
1288,466,,0,[]
1289,465,,0,[]
1290,463,злоба день,2,[]
1291,461,свет недавний событие,3,"[('конец ч', 2)]"
1292,454,,0,[]
1293,445,,0,[]
1294,437,,0,[]
1295,435,,0,[]
1296,428,,0,[]
1297,426,,0,[]
1298,417,,0,"[('', 0), ('комичность реклама создаваться сч идентичность палочка твикс иметь настоящий трагедия противостояние титан меметичность разный лулзов сражаться место наш сердце который разрываться неугасающий боль осознание должный проиграть', 26)]"
1299,415,,0,[]
1300,414,,0,[]
1301,413,хиломикрон печень дадаля вечный неизвестный восточный мудрец,7,[]
1302,409,,0,"[('зочвьыдслвьыбсдада', 1)]"
1303,399,,0,"[('р', 1)]"
1304,394,нб причина год служба деканат,5,"[('солнышко', 1), ('', 0), ('рашид выглядеть ужасающий пост', 4)]"
1305,388,твой сосед друг забыть шнур комбик,6,"[('ор голосинушка', 2), ('', 0)]"
1306,387,,0,[]
1307,384,ждать дождаться сделать шум рамка усатый баттлый схлестнуться следующий участник корнилов павлович мистер хы хых сзгма непревзойда нный философ знающий весь ницше наизусть данный баттля предстоять сразиться известный усач зверев смочь павлович доказать превосходство философия знать забавно любой случай хы хых звереть знать представитель кафедра нормальный физиология стирать ваш представление идеальный преподаватель рассказать весь случай экзамен завести тетрадь ответ задача рейтингистка получить экзамен записывать ответ взять интернет неправильный отвлечься смочь звереть показать насколько сила н победить бой физиолог лирик узнать баттля выбирать победитель голосование хы хых,86,"[('сердце кровь обливаться самый сложный выбор жизнь', 7), ('слеза', 1)]"
1308,372,,0,"[('жиза пиздос', 2), ('ор', 1)]"
1309,370,,0,"[('красиво', 1)]"
1310,369,,0,[]
1311,364,,0,[]
1312,361,,0,"[('перезагрузка переустановка ос', 3)]"
1313,346,,0,"[('страшно', 1), ('жанна', 1)]"
1314,345,думать сдохнуть живой весь живой мейн хасл мейн рамка прощальный баттлый схлестнуться следующий участник попугач настоящий мессия кафедра морфология человек который ваш покорный слуга получить хорошеееечный экзамен хороший лектор анат шуркус дать битва столкн тся лицо лицо свой близкие друг кругляш выйти смочь завкафедра одолеть выскочка узнать баттля кругляш грозный боец кафедра морфология сохранить бюджет сзгма несколько сотня тысяча мочь миллион рубль лишить стипендия многий перспективный хаслер человек закрывать любой дверь прямо твой нос знать кровообращение плод максимально высокий уровень сегодня единственный человек вселенная бояться смочь побороть страх выйти победитель противостояние ответ узнать ход поединок мейн выбирать победитель голосование хасл мейн,101,[]
1315,340,,0,"[('', 0)]"
1316,338,ехать маршрутка видеть ситуация девчушка год х говорить мама мама бог вс мочь мама ответить мочь вс девочка снова мама бог сыграть басуха мама плакать весь маршрутка бог сыграть басуха,30,[]
1317,336,,0,"[('новый повод депрессия', 3)]"
1318,331,друг выйти свет шедевр который долго ждать дебютный работа будущее тарковский ныне студент режиссура спб ги синий кит даниил евдокимов драма антиутопия деш выя пивас вкусность ожидать кинокартина дать начало целый направление искусство предстать приятный просмотр,36,"[('каждый понять точно прочувствовать крепкий дружба старание парень', 8)]"
1319,319,,0,[]
1320,318,самый время вспомнить классика жизнь,5,[]
1321,317,,0,[]
1322,300,,0,[]
1323,289,найти простор подслушать,3,[]
1324,271,,0,[]
1325,270,,0,[]
1326,269,классика,1,[]
1327,256,,0,"[('', 0)]"
1328,251,,0,[]
1329,249,,0,"[('ахахазазузхазазажахазазазаэахаэаззазахазаазхахахаххаххахахахаххаааххахахаэажаэахаэ', 1), ('нахуй ходить лекция зож', 4), ('шшутка понятный', 2)]"
1330,245,,0,"[('пкципк ыаипа твпмсааоьпавсычс оьсвауфп кртеуоьнка', 5)]"
1331,240,,0,"[('оригинал медленный ладный', 3)]"
1332,237,поднять истмёд машина линия дать талант братан носить халат,9,[]
1333,230,ранний одмем ланил среда среда ещ среда,7,[]
1334,229,лупа пуп решить поступать универ лупа хотеть учиться врач пуп экономист документ перепутать итог лупа получить высокий образование пуп пуп лупа,21,[]
1335,225,,0,[]
1336,223,девушка стоить балкон идти мужчина девушка крикнуть мужчина бояться бояться изнасиловать изнасиловать внизу балкон грудь написать анат,17,"[('азат', 1)]"
1337,221,,0,[]
1338,218,,0,[]
1339,217,,0,[]
1340,215,идти дорога белоснежок дюймовочка билл гейтс белоснежок говорить самый красивый дюймовочка говорить самый маленький билл гейтс говорить самый богатый успешный бизнессмен мир видеть дорога стоить дом правда зайти белоснежок выходить плакать оказываться самый красивый красивый спать красавица зайти дюймовочка выходить плакать самый маленький маленький мальчик пальчик заш л билл гейтс выйти нога топать волос рв кричать бл дь элеонора,59,"[('классик', 1)]"
1341,213,ранний жить среда среда живой м среда далее леннон,9,[]
1342,190,,0,"[('локалмемес', 1), ('наталия глобал', 2), ('подвздошный локать', 2), ('наталия обосновать', 2)]"
1343,182,,0,[]
1344,179,,0,"[('юлчяяяяяять', 1), ('сказать абросимов бляяяяярвоылыоырыоовоырвгыоырвшвойиыивовойочмыыый', 3)]"
1345,162,мнение одменовый мочь совпадать посыл мемас,6,"[('удалять мемас', 2)]"
1346,157,соавторство хороший подвздошный художник,4,"[('', 0)]"
1347,153,,0,[]
1348,148,голосование предыдущий баттл завершить пора выбрать следующий пара баттлый предыдущий битва побеждать марьянович поздравить,14,[]
1349,145,хотеть получить мейн хасл мейн рамка битва титан схлестнуться следующий участник марьянович лектор семестр версия поток студент уходить домой суббота ранний испить напиток бог иметь несколько скиллов который делать поистине крутой баттлер основной английский панча смочь уничтожить оппонент свой рил ток узнать баттля костя главный сексист сзгма профессор подарить множество рофлов мем голубой планета стоить крепкий орешек смочь расколоть забрать вновь титул хороший лектор узнать баттля умр м мейн выбирать победитель голосование хасл мейн,74,"[('бровь костюкевич', 2), ('костюкевич автолуза выкупить панча аглицкий', 5)]"
1350,141,баттл следующий предыдущий баттля победить ор перевес голос данный голосование завершиться,11,[]
1351,139,,0,[]
1352,137,,0,[]
1353,134,ждать дождаться мейн хасл мейн рамка схлестнуться следующий участник опытный препод павильон соколов решить громко заявить второй семестр проблема психика принять вызов баттл соперник подозревать смочь побить рекорд сзгма время окончание баттлый насколько резко неожиданно меняться настроение ход противостояние вопрос дать ответ принципиальный бой ор старый очень препод пава успешный бизнес вумный построить свой империя контрохи баттл шанс поломать жизнь многий студент мечко смочь ор набрать голос преодолеть порог вхождение узнать баттля мейн выбирать победитель голосование хасл мейн,78,"[('кр физа маленький носить', 4), ('отдать голос', 2), ('ор преодолеть порог голос поздравлять', 5)]"
1354,129,решать судьба человечество,3,[]
1355,126,,0,"[('', 0), ('', 0)]"
1356,124,одмена решить поделиться некоторый источник свой вдохновение,7,[]
1357,113,,0,[]
1358,112,,0,[]
1359,110,,0,[]
1360,109,,0,"[('', 0)]"
1361,102,,0,[]
1362,92,,0,[]
1363,90,,0,"[('ахи актуальненький', 2), ('егор заниматься', 2), ('егор хороший', 2), ('ор', 1), ('орслжмсчвсстдлма', 1)]"
1364,88,идти пятый день ноябрь бриться мочь,6,"[('жизненно', 1)]"
1365,87,,0,[]
1366,70,,0,[]
1367,66,,0,"[('', 0)]"
1368,56,,0,"[('бог слеза', 2), ('егор жостко', 2)]"
1369,53,первый точно знать,3,[]
1370,50,аттеншн вчера осматривать свой кожа мёд осмотр мечко обнаружить странный пятно нибыть знать насколько серь зно стоить обращаться онкология мочь мёд сестра брать кровь заразить большой опасность убедительный просьба осмотреть распространить пост больший число человек важно спасти чей жизнь,39,[]
1371,44,основать реальный событие,3,[]
1372,37,собираться препарировать лягушка,3,[]
1373,36,,0,[]
1374,33,сократ год н,3,[]
1375,32,,0,[]
1376,28,свет недавний событие,3,[]
1377,20,,0,[]
1378,16,максимилиан робеспьер,2,[]
1379,12,,0,"[('перезалив', 1)]"
1380,10,,0,[]
1381,9,гиппократ,1,[]
1382,2,,0,[]
